speaker,listener,ns_status,accentedness,comprehensibility,intelligibility,eit
600,L01,L2,10,52,1,34
603,L01,L2,47,60,1,30
605,L01,L2,0,0,1,22
606,L01,L2,0,0,1,25
607,L01,L2,0,0,1,17
608,L01,L2,17,81,1,68
610,L01,L2,13,10,1,86
611,L01,L2,37,27,0,74
612,L01,L2,0,20,1,57
613,L01,L2,0,0,1,58
614,L01,L2,25,24,1,106
615,L01,L2,8,18,0,70
616,L01,L2,13,11,1,32
617,L01,L2,0,0,0,42
618,L01,L2,34,42,1,94
620,L01,L2,47,48,1,80
621,L01,L2,0,0,1,19
626,L01,L2,47,60,1,95
627,L01,L2,0,0,1,30
629,L01,L2,0,0,1,56
630,L01,L2,22,21,1,33
703,L01,L2,3,18,1,38
704,L01,L2,0,0,1,46
706,L01,L2,39,53,1,87
707,L01,L2,54,51,1,66
708,L01,L2,10,12,1,26
709,L01,L2,46,44,1,59
710,L01,L2,34,14,1,38
711,L01,L2,47,47,0,83
713,L01,L2,9,53,1,92
716,L01,L2,47,43,1,38
717,L01,L2,0,1,0,46
718,L01,L2,0,0,1,19
719,L01,L2,58,49,1,87
720,L01,L2,96,98,1,103
723,L01,L2,51,54,1,97
724,L01,L2,29,41,1,30
725,L01,L2,48,28,1,73
728,L01,L2,7,11,1,46
730,L01,L2,40,48,1,50
735,L01,L2,0,0,0,34
740,L01,L2,67,73,1,61
600,L02,L2,7,41,1,34
603,L02,L2,7,14,1,30
605,L02,L2,9,4,1,22
606,L02,L2,15,0,1,25
607,L02,L2,10,0,0,17
608,L02,L2,9,24,1,68
610,L02,L2,9,80,1,86
611,L02,L2,37,62,1,74
612,L02,L2,8,47,1,57
613,L02,L2,10,10,1,58
614,L02,L2,42,95,1,106
615,L02,L2,14,25,1,70
616,L02,L2,16,17,1,32
617,L02,L2,51,28,0,42
618,L02,L2,7,0,0,94
620,L02,L2,16,79,1,80
621,L02,L2,0,65,1,19
626,L02,L2,50,28,1,95
627,L02,L2,9,0,1,30
629,L02,L2,29,26,1,56
630,L02,L2,11,8,1,33
703,L02,L2,9,0,1,38
704,L02,L2,28,10,1,46
706,L02,L2,16,15,1,87
707,L02,L2,15,35,1,66
708,L02,L2,13,11,1,26
709,L02,L2,8,28,1,59
710,L02,L2,9,23,1,38
711,L02,L2,19,18,1,83
713,L02,L2,40,49,1,92
716,L02,L2,12,61,1,38
717,L02,L2,12,11,0,46
718,L02,L2,9,7,0,19
719,L02,L2,11,9,0,87
720,L02,L2,78,24,1,103
723,L02,L2,13,97,1,97
724,L02,L2,10,0,1,30
725,L02,L2,25,47,1,73
728,L02,L2,8,26,1,46
730,L02,L2,28,27,0,50
735,L02,L2,16,0,0,34
740,L02,L2,47,67,1,61
600,L03,L2,4,19,1,34
603,L03,L2,7,40,1,30
605,L03,L2,3,3,0,22
606,L03,L2,2,2,1,25
607,L03,L2,17,15,1,17
608,L03,L2,30,60,1,68
610,L03,L2,69,76,1,86
611,L03,L2,14,31,0,74
612,L03,L2,39,68,1,57
613,L03,L2,39,60,1,58
614,L03,L2,50,61,1,106
615,L03,L2,54,70,0,70
616,L03,L2,9,25,0,32
617,L03,L2,12,50,1,42
618,L03,L2,12,19,1,94
620,L03,L2,27,79,1,80
621,L03,L2,5,20,1,19
626,L03,L2,28,66,1,95
627,L03,L2,2,1,1,30
629,L03,L2,11,34,1,56
630,L03,L2,14,31,1,33
703,L03,L2,14,20,1,38
704,L03,L2,23,28,1,46
706,L03,L2,20,34,1,87
707,L03,L2,38,52,1,66
708,L03,L2,4,15,1,26
709,L03,L2,23,19,0,59
710,L03,L2,13,11,1,38
711,L03,L2,22,20,1,83
713,L03,L2,79,84,1,92
716,L03,L2,42,32,1,38
717,L03,L2,13,18,1,46
718,L03,L2,3,8,0,19
719,L03,L2,27,67,1,87
720,L03,L2,56,65,0,103
723,L03,L2,61,62,1,97
724,L03,L2,4,18,1,30
725,L03,L2,33,42,1,73
728,L03,L2,32,68,1,46
730,L03,L2,8,25,1,50
735,L03,L2,8,1,0,34
740,L03,L2,86,93,1,61
600,L06,L2,7,56,1,34
603,L06,L2,32,20,1,30
605,L06,L2,3,2,0,22
606,L06,L2,43,1,1,25
607,L06,L2,3,4,0,17
608,L06,L2,38,55,1,68
610,L06,L2,50,67,1,86
611,L06,L2,31,54,1,74
612,L06,L2,5,49,1,57
613,L06,L2,51,11,1,58
614,L06,L2,58,79,1,106
615,L06,L2,30,68,1,70
616,L06,L2,17,38,1,32
617,L06,L2,50,5,0,42
618,L06,L2,19,4,0,94
620,L06,L2,70,91,1,80
621,L06,L2,39,6,1,19
626,L06,L2,50,20,1,95
627,L06,L2,8,16,1,30
629,L06,L2,38,73,1,56
630,L06,L2,8,25,0,33
703,L06,L2,5,26,1,38
704,L06,L2,26,38,1,46
706,L06,L2,13,74,1,87
707,L06,L2,45,67,1,66
708,L06,L2,3,5,0,26
709,L06,L2,7,50,0,59
710,L06,L2,6,50,1,38
711,L06,L2,11,7,0,83
713,L06,L2,61,67,1,92
716,L06,L2,27,51,0,38
717,L06,L2,4,5,1,46
718,L06,L2,5,4,0,19
719,L06,L2,3,8,1,87
720,L06,L2,78,58,1,103
723,L06,L2,16,46,1,97
724,L06,L2,4,34,1,30
725,L06,L2,16,70,1,73
728,L06,L2,34,49,1,46
730,L06,L2,25,50,1,50
735,L06,L2,2,5,1,34
740,L06,L2,72,73,1,61
600,L08,L2,26,50,1,34
603,L08,L2,25,52,1,30
605,L08,L2,49,7,1,22
606,L08,L2,51,0,1,25
607,L08,L2,31,30,1,17
608,L08,L2,27,88,1,68
610,L08,L2,48,100,1,86
611,L08,L2,27,92,1,74
612,L08,L2,53,100,1,57
613,L08,L2,32,64,1,58
614,L08,L2,92,91,1,106
615,L08,L2,57,65,1,70
616,L08,L2,49,38,1,32
617,L08,L2,38,83,1,42
618,L08,L2,20,56,0,94
620,L08,L2,35,100,1,80
621,L08,L2,44,23,0,19
626,L08,L2,81,51,1,95
627,L08,L2,22,4,1,30
629,L08,L2,45,24,1,56
630,L08,L2,34,14,0,33
703,L08,L2,20,47,1,38
704,L08,L2,37,49,1,46
706,L08,L2,16,30,1,87
707,L08,L2,70,86,1,66
708,L08,L2,44,18,1,26
709,L08,L2,52,72,1,59
710,L08,L2,22,73,1,38
711,L08,L2,78,64,0,83
713,L08,L2,78,100,1,92
716,L08,L2,35,69,1,38
717,L08,L2,20,10,1,46
718,L08,L2,25,8,0,19
719,L08,L2,48,100,1,87
720,L08,L2,93,87,1,103
723,L08,L2,35,100,0,97
724,L08,L2,17,70,0,30
725,L08,L2,40,100,1,73
728,L08,L2,29,77,1,46
730,L08,L2,27,79,0,50
735,L08,L2,51,45,1,34
740,L08,L2,100,100,1,61
600,L09,L2,10,75,1,34
603,L09,L2,10,55,1,30
605,L09,L2,10,50,1,22
606,L09,L2,10,10,1,25
607,L09,L2,15,40,1,17
608,L09,L2,20,49,1,68
610,L09,L2,25,60,1,86
611,L09,L2,35,75,1,74
612,L09,L2,10,50,1,57
613,L09,L2,20,60,1,58
614,L09,L2,40,65,0,106
615,L09,L2,30,65,0,70
616,L09,L2,15,55,1,32
617,L09,L2,40,65,0,42
618,L09,L2,20,45,0,94
620,L09,L2,30,60,1,80
621,L09,L2,15,55,1,19
626,L09,L2,50,50,1,95
627,L09,L2,15,45,1,30
629,L09,L2,25,70,1,56
630,L09,L2,20,41,0,33
703,L09,L2,10,40,1,38
704,L09,L2,15,55,1,46
706,L09,L2,20,45,0,87
707,L09,L2,30,70,1,66
708,L09,L2,40,60,1,26
709,L09,L2,19,51,0,59
710,L09,L2,20,60,1,38
711,L09,L2,40,60,1,83
713,L09,L2,30,60,1,92
716,L09,L2,21,55,0,38
717,L09,L2,13,43,1,46
718,L09,L2,20,40,1,19
719,L09,L2,25,65,1,87
720,L09,L2,60,80,0,103
723,L09,L2,30,60,1,97
724,L09,L2,20,50,1,30
725,L09,L2,30,59,1,73
728,L09,L2,35,60,1,46
730,L09,L2,21,55,1,50
735,L09,L2,20,31,1,34
740,L09,L2,40,69,1,61
600,L11,L2,28,63,1,34
603,L11,L2,18,71,1,30
605,L11,L2,54,36,1,22
606,L11,L2,26,7,0,25
607,L11,L2,23,29,1,17
608,L11,L2,33,60,1,68
610,L11,L2,37,78,1,86
611,L11,L2,54,80,1,74
612,L11,L2,26,74,1,57
613,L11,L2,27,55,1,58
614,L11,L2,42,69,0,106
615,L11,L2,31,62,0,70
616,L11,L2,36,62,1,32
617,L11,L2,55,44,1,42
618,L11,L2,29,57,0,94
620,L11,L2,27,77,1,80
621,L11,L2,33,12,1,19
626,L11,L2,38,79,1,95
627,L11,L2,33,64,1,30
629,L11,L2,36,64,1,56
630,L11,L2,44,30,0,33
703,L11,L2,37,46,1,38
704,L11,L2,32,57,1,46
706,L11,L2,30,75,1,87
707,L11,L2,44,78,1,66
708,L11,L2,31,44,1,26
709,L11,L2,46,56,1,59
710,L11,L2,32,74,1,38
711,L11,L2,53,58,0,83
713,L11,L2,36,63,0,92
716,L11,L2,28,70,0,38
717,L11,L2,38,31,0,46
718,L11,L2,19,6,0,19
719,L11,L2,61,77,1,87
720,L11,L2,74,85,1,103
723,L11,L2,29,67,1,97
724,L11,L2,14,59,1,30
725,L11,L2,35,71,1,73
728,L11,L2,36,71,1,46
730,L11,L2,24,70,1,50
735,L11,L2,17,3,0,34
740,L11,L2,60,87,1,61
600,L15,L2,48,55,1,34
603,L15,L2,45,43,0,30
605,L15,L2,14,14,1,22
606,L15,L2,23,11,1,25
607,L15,L2,40,40,1,17
608,L15,L2,48,60,0,68
610,L15,L2,51,68,1,86
611,L15,L2,48,58,0,74
612,L15,L2,33,60,1,57
613,L15,L2,53,54,1,58
614,L15,L2,50,45,0,106
615,L15,L2,50,76,0,70
616,L15,L2,34,65,0,32
617,L15,L2,31,66,1,42
618,L15,L2,37,44,0,94
620,L15,L2,59,84,1,80
621,L15,L2,22,37,0,19
626,L15,L2,65,50,0,95
627,L15,L2,26,19,1,30
629,L15,L2,70,74,1,56
630,L15,L2,40,38,0,33
703,L15,L2,21,24,1,38
704,L15,L2,28,49,1,46
706,L15,L2,30,43,1,87
707,L15,L2,48,63,1,66
708,L15,L2,7,12,1,26
709,L15,L2,60,46,1,59
710,L15,L2,20,60,1,38
711,L15,L2,39,54,0,83
713,L15,L2,59,72,1,92
716,L15,L2,32,39,0,38
717,L15,L2,37,29,0,46
718,L15,L2,20,11,0,19
719,L15,L2,40,68,0,87
720,L15,L2,89,72,0,103
723,L15,L2,44,68,1,97
724,L15,L2,29,40,1,30
725,L15,L2,40,64,1,73
728,L15,L2,36,49,1,46
730,L15,L2,40,71,1,50
735,L15,L2,46,36,0,34
740,L15,L2,50,66,0,61
600,L16,L2,27,32,1,34
603,L16,L2,21,18,1,30
605,L16,L2,32,3,1,22
606,L16,L2,17,0,1,25
607,L16,L2,8,14,1,17
608,L16,L2,23,61,1,68
610,L16,L2,48,84,1,86
611,L16,L2,22,48,1,74
612,L16,L2,26,44,1,57
613,L16,L2,28,49,1,58
614,L16,L2,86,100,1,106
615,L16,L2,16,79,1,70
616,L16,L2,32,46,1,32
617,L16,L2,31,69,1,42
618,L16,L2,10,19,0,94
620,L16,L2,16,71,1,80
621,L16,L2,7,30,1,19
626,L16,L2,83,65,1,95
627,L16,L2,32,7,1,30
629,L16,L2,43,66,1,56
630,L16,L2,28,17,1,33
703,L16,L2,28,9,1,38
704,L16,L2,33,56,1,46
706,L16,L2,26,58,1,87
707,L16,L2,46,34,1,66
708,L16,L2,12,10,1,26
709,L16,L2,32,56,1,59
710,L16,L2,9,53,1,38
711,L16,L2,31,73,0,83
713,L16,L2,25,83,1,92
716,L16,L2,54,100,1,38
717,L16,L2,22,6,1,46
718,L16,L2,24,0,0,19
719,L16,L2,34,43,1,87
720,L16,L2,85,92,1,103
723,L16,L2,30,84,1,97
724,L16,L2,1,22,1,30
725,L16,L2,43,88,1,73
728,L16,L2,30,61,1,46
730,L16,L2,24,82,1,50
735,L16,L2,10,0,1,34
740,L16,L2,76,100,1,61
600,L17,L2,30,70,1,34
603,L17,L2,30,70,1,30
605,L17,L2,20,20,1,22
606,L17,L2,20,30,0,25
607,L17,L2,20,30,0,17
608,L17,L2,60,70,1,68
610,L17,L2,60,90,1,86
611,L17,L2,50,80,1,74
612,L17,L2,30,80,1,57
613,L17,L2,60,90,1,58
614,L17,L2,80,100,1,106
615,L17,L2,40,90,1,70
616,L17,L2,30,65,1,32
617,L17,L2,50,60,0,42
618,L17,L2,30,70,1,94
620,L17,L2,49,100,1,80
621,L17,L2,20,40,0,19
626,L17,L2,90,80,1,95
627,L17,L2,30,30,1,30
629,L17,L2,50,80,1,56
630,L17,L2,50,50,1,33
703,L17,L2,20,30,0,38
704,L17,L2,20,50,1,46
706,L17,L2,20,80,1,87
707,L17,L2,40,80,0,66
708,L17,L2,30,40,1,26
709,L17,L2,60,80,1,59
710,L17,L2,40,80,1,38
711,L17,L2,0,0,1,83
713,L17,L2,70,90,1,92
716,L17,L2,30,60,0,38
717,L17,L2,30,60,1,46
718,L17,L2,40,80,0,19
719,L17,L2,50,60,0,87
720,L17,L2,100,90,1,103
723,L17,L2,40,90,1,97
724,L17,L2,40,80,1,30
725,L17,L2,40,90,1,73
728,L17,L2,30,80,0,46
730,L17,L2,30,80,1,50
735,L17,L2,20,30,1,34
740,L17,L2,,,0,61
600,L18,L2,10,25,1,34
603,L18,L2,20,40,0,30
605,L18,L2,5,1,0,22
606,L18,L2,5,25,1,25
607,L18,L2,10,10,1,17
608,L18,L2,20,10,0,68
610,L18,L2,40,75,1,86
611,L18,L2,20,25,0,74
612,L18,L2,20,25,1,57
613,L18,L2,30,40,1,58
614,L18,L2,75,65,1,106
615,L18,L2,16,10,0,70
616,L18,L2,15,25,1,32
617,L18,L2,30,30,1,42
618,L18,L2,30,25,1,94
620,L18,L2,60,75,1,80
621,L18,L2,10,6,0,19
626,L18,L2,50,10,0,95
627,L18,L2,10,5,0,30
629,L18,L2,70,55,1,56
630,L18,L2,10,10,1,33
703,L18,L2,25,20,1,38
704,L18,L2,10,20,1,46
706,L18,L2,30,40,1,87
707,L18,L2,15,25,1,66
708,L18,L2,15,20,1,26
709,L18,L2,10,6,1,59
710,L18,L2,10,20,1,38
711,L18,L2,25,15,0,83
713,L18,L2,25,35,1,92
716,L18,L2,30,30,1,38
717,L18,L2,10,20,0,46
718,L18,L2,20,30,0,19
719,L18,L2,15,30,0,87
720,L18,L2,100,100,0,103
723,L18,L2,70,50,1,97
724,L18,L2,5,10,1,30
725,L18,L2,45,65,0,73
728,L18,L2,55,60,1,46
730,L18,L2,20,10,0,50
735,L18,L2,5,8,0,34
740,L18,L2,35,80,1,61
600,L19,L2,16,40,1,34
603,L19,L2,15,12,0,30
605,L19,L2,20,5,1,22
606,L19,L2,22,3,1,25
607,L19,L2,22,36,1,17
608,L19,L2,34,39,1,68
610,L19,L2,30,63,1,86
611,L19,L2,55,84,1,74
612,L19,L2,22,77,1,57
613,L19,L2,32,35,1,58
614,L19,L2,58,64,1,106
615,L19,L2,34,45,1,70
616,L19,L2,18,14,1,32
617,L19,L2,19,51,1,42
618,L19,L2,12,8,0,94
620,L19,L2,20,68,1,80
621,L19,L2,19,47,1,19
626,L19,L2,52,18,1,95
627,L19,L2,18,18,1,30
629,L19,L2,36,44,1,56
630,L19,L2,17,13,0,33
703,L19,L2,10,6,1,38
704,L19,L2,29,33,1,46
706,L19,L2,20,50,1,87
707,L19,L2,31,65,0,66
708,L19,L2,14,5,0,26
709,L19,L2,62,20,0,59
710,L19,L2,16,40,1,38
711,L19,L2,27,11,0,83
713,L19,L2,44,76,0,92
716,L19,L2,35,74,0,38
717,L19,L2,20,10,1,46
718,L19,L2,22,11,0,19
719,L19,L2,25,54,1,87
720,L19,L2,85,75,1,103
723,L19,L2,42,79,0,97
724,L19,L2,25,33,1,30
725,L19,L2,26,47,1,73
728,L19,L2,20,52,1,46
730,L19,L2,20,24,0,50
735,L19,L2,12,5,0,34
740,L19,L2,52,77,1,61
600,L23,L2,8,8,1,34
603,L23,L2,4,4,1,30
605,L23,L2,3,2,1,22
606,L23,L2,4,2,1,25
607,L23,L2,3,9,1,17
608,L23,L2,11,18,1,68
610,L23,L2,81,100,1,86
611,L23,L2,15,33,1,74
612,L23,L2,11,18,1,57
613,L23,L2,6,4,1,58
614,L23,L2,92,93,0,106
615,L23,L2,6,9,0,70
616,L23,L2,6,7,1,32
617,L23,L2,100,68,1,42
618,L23,L2,3,3,1,94
620,L23,L2,28,89,1,80
621,L23,L2,2,4,0,19
626,L23,L2,5,6,1,95
627,L23,L2,5,4,0,30
629,L23,L2,16,40,1,56
630,L23,L2,5,6,1,33
703,L23,L2,5,3,1,38
704,L23,L2,6,11,1,46
706,L23,L2,5,17,1,87
707,L23,L2,9,16,1,66
708,L23,L2,5,10,0,26
709,L23,L2,20,43,1,59
710,L23,L2,7,17,1,38
711,L23,L2,5,11,0,83
713,L23,L2,14,40,1,92
716,L23,L2,9,25,0,38
717,L23,L2,4,5,1,46
718,L23,L2,6,6,0,19
719,L23,L2,61,85,1,87
720,L23,L2,100,100,1,103
723,L23,L2,29,63,1,97
724,L23,L2,5,5,1,30
725,L23,L2,51,79,1,73
728,L23,L2,22,50,1,46
730,L23,L2,12,23,0,50
735,L23,L2,4,4,0,34
740,L23,L2,33,76,1,61
600,L24,L2,53,68,0,34
603,L24,L2,60,62,1,30
605,L24,L2,30,4,0,22
606,L24,L2,12,8,0,25
607,L24,L2,13,16,0,17
608,L24,L2,51,63,0,68
610,L24,L2,63,81,1,86
611,L24,L2,68,80,1,74
612,L24,L2,64,63,1,57
613,L24,L2,43,32,1,58
614,L24,L2,50,79,0,106
615,L24,L2,41,37,0,70
616,L24,L2,68,69,1,32
617,L24,L2,32,29,0,42
618,L24,L2,45,57,0,94
620,L24,L2,52,8,1,80
621,L24,L2,22,12,0,19
626,L24,L2,35,19,1,95
627,L24,L2,23,10,0,30
629,L24,L2,55,64,1,56
630,L24,L2,33,60,0,33
703,L24,L2,37,41,0,38
704,L24,L2,53,58,1,46
706,L24,L2,52,62,0,87
707,L24,L2,50,69,1,66
708,L24,L2,22,28,0,26
709,L24,L2,54,59,0,59
710,L24,L2,52,67,1,38
711,L24,L2,24,22,0,83
713,L24,L2,51,54,0,92
716,L24,L2,50,65,0,38
717,L24,L2,25,21,0,46
718,L24,L2,22,14,0,19
719,L24,L2,54,53,0,87
720,L24,L2,78,23,1,103
723,L24,L2,71,76,1,97
724,L24,L2,16,45,0,30
725,L24,L2,44,53,1,73
728,L24,L2,53,53,1,46
730,L24,L2,30,26,0,50
735,L24,L2,9,4,0,34
740,L24,L2,40,60,1,61
600,L25,L2,3,30,1,34
603,L25,L2,2,23,1,30
605,L25,L2,3,5,0,22
606,L25,L2,3,6,0,25
607,L25,L2,1,12,0,17
608,L25,L2,4,34,0,68
610,L25,L2,43,62,1,86
611,L25,L2,70,50,1,74
612,L25,L2,3,21,1,57
613,L25,L2,2,34,1,58
614,L25,L2,15,31,0,106
615,L25,L2,4,15,0,70
616,L25,L2,3,15,0,32
617,L25,L2,2,4,0,42
618,L25,L2,2,21,0,94
620,L25,L2,4,60,1,80
621,L25,L2,3,12,0,19
626,L25,L2,30,71,1,95
627,L25,L2,2,16,0,30
629,L25,L2,61,84,1,56
630,L25,L2,4,10,0,33
703,L25,L2,2,10,1,38
704,L25,L2,2,23,1,46
706,L25,L2,5,28,0,87
707,L25,L2,3,33,1,66
708,L25,L2,2,20,0,26
709,L25,L2,5,7,0,59
710,L25,L2,1,30,1,38
711,L25,L2,0,0,0,83
713,L25,L2,46,71,1,92
716,L25,L2,1,20,0,38
717,L25,L2,2,30,0,46
718,L25,L2,1,27,0,19
719,L25,L2,2,20,0,87
720,L25,L2,100,100,0,103
723,L25,L2,69,76,1,97
724,L25,L2,2,20,0,30
725,L25,L2,2,26,0,73
728,L25,L2,8,38,1,46
730,L25,L2,5,23,0,50
735,L25,L2,3,26,0,34
740,L25,L2,50,80,1,61
600,L26,L2,37,40,1,34
603,L26,L2,29,31,1,30
605,L26,L2,9,9,0,22
606,L26,L2,7,4,0,25
607,L26,L2,39,13,1,17
608,L26,L2,55,75,1,68
610,L26,L2,43,65,1,86
611,L26,L2,26,80,0,74
612,L26,L2,17,53,1,57
613,L26,L2,34,39,0,58
614,L26,L2,49,46,0,106
615,L26,L2,23,26,0,70
616,L26,L2,51,46,0,32
617,L26,L2,24,31,0,42
618,L26,L2,24,32,0,94
620,L26,L2,94,98,1,80
621,L26,L2,12,21,0,19
626,L26,L2,30,37,0,95
627,L26,L2,25,18,0,30
629,L26,L2,41,69,0,56
630,L26,L2,30,49,0,33
703,L26,L2,27,71,1,38
704,L26,L2,50,65,1,46
706,L26,L2,10,57,1,87
707,L26,L2,33,40,0,66
708,L26,L2,22,51,0,26
709,L26,L2,58,58,0,59
710,L26,L2,30,69,1,38
711,L26,L2,92,66,0,83
713,L26,L2,40,95,1,92
716,L26,L2,53,65,0,38
717,L26,L2,35,54,0,46
718,L26,L2,18,35,1,19
719,L26,L2,53,69,0,87
720,L26,L2,55,51,0,103
723,L26,L2,28,71,0,97
724,L26,L2,20,49,1,30
725,L26,L2,44,71,0,73
728,L26,L2,24,65,1,46
730,L26,L2,60,62,0,50
735,L26,L2,31,36,0,34
740,L26,L2,28,77,1,61
600,L27,L2,19,66,1,34
603,L27,L2,12,47,1,30
605,L27,L2,24,40,0,22
606,L27,L2,68,64,1,25
607,L27,L2,22,76,1,17
608,L27,L2,29,74,1,68
610,L27,L2,93,92,1,86
611,L27,L2,32,76,1,74
612,L27,L2,41,64,1,57
613,L27,L2,41,85,1,58
614,L27,L2,63,81,0,106
615,L27,L2,22,82,1,70
616,L27,L2,20,69,1,32
617,L27,L2,56,64,1,42
618,L27,L2,23,31,1,94
620,L27,L2,42,87,1,80
621,L27,L2,19,50,0,19
626,L27,L2,23,59,1,95
627,L27,L2,33,67,1,30
629,L27,L2,59,86,1,56
630,L27,L2,38,69,0,33
703,L27,L2,10,75,1,38
704,L27,L2,27,85,1,46
706,L27,L2,33,66,0,87
707,L27,L2,33,82,0,66
708,L27,L2,30,49,0,26
709,L27,L2,62,80,0,59
710,L27,L2,23,78,1,38
711,L27,L2,62,92,0,83
713,L27,L2,35,69,1,92
716,L27,L2,20,51,0,38
717,L27,L2,21,40,1,46
718,L27,L2,18,54,0,19
719,L27,L2,27,73,1,87
720,L27,L2,90,100,0,103
723,L27,L2,67,88,1,97
724,L27,L2,16,34,1,30
725,L27,L2,57,80,1,73
728,L27,L2,41,86,1,46
730,L27,L2,13,68,1,50
735,L27,L2,39,53,0,34
740,L27,L2,91,100,1,61
600,L28,L2,0,25,1,34
603,L28,L2,10,75,1,30
605,L28,L2,0,10,0,22
606,L28,L2,5,20,0,25
607,L28,L2,19,70,1,17
608,L28,L2,30,70,0,68
610,L28,L2,35,81,1,86
611,L28,L2,19,49,1,74
612,L28,L2,10,40,0,57
613,L28,L2,10,41,1,58
614,L28,L2,90,95,0,106
615,L28,L2,16,82,1,70
616,L28,L2,30,96,1,32
617,L28,L2,11,54,0,42
618,L28,L2,4,21,0,94
620,L28,L2,23,94,1,80
621,L28,L2,0,39,0,19
626,L28,L2,35,43,0,95
627,L28,L2,11,70,1,30
629,L28,L2,30,75,1,56
630,L28,L2,10,50,0,33
703,L28,L2,0,60,1,38
704,L28,L2,0,27,0,46
706,L28,L2,10,85,0,87
707,L28,L2,20,60,0,66
708,L28,L2,0,50,0,26
709,L28,L2,54,91,1,59
710,L28,L2,15,80,0,38
711,L28,L2,51,80,0,83
713,L28,L2,38,88,0,92
716,L28,L2,5,70,1,38
717,L28,L2,7,34,0,46
718,L28,L2,10,34,0,19
719,L28,L2,43,38,0,87
720,L28,L2,96,100,0,103
723,L28,L2,35,78,0,97
724,L28,L2,0,27,1,30
725,L28,L2,30,81,1,73
728,L28,L2,30,50,0,46
730,L28,L2,3,37,0,50
735,L28,L2,7,16,0,34
740,L28,L2,29,88,0,61
600,L29,L2,2,16,0,34
603,L29,L2,5,35,0,30
605,L29,L2,6,34,0,22
606,L29,L2,3,45,0,25
607,L29,L2,8,41,1,17
608,L29,L2,5,80,1,68
610,L29,L2,58,94,1,86
611,L29,L2,5,66,1,74
612,L29,L2,12,91,1,57
613,L29,L2,7,27,1,58
614,L29,L2,33,99,0,106
615,L29,L2,8,89,1,70
616,L29,L2,10,28,1,32
617,L29,L2,5,41,0,42
618,L29,L2,5,52,1,94
620,L29,L2,8,100,1,80
621,L29,L2,8,69,0,19
626,L29,L2,8,59,1,95
627,L29,L2,5,1,1,30
629,L29,L2,6,55,1,56
630,L29,L2,6,31,1,33
703,L29,L2,5,28,1,38
704,L29,L2,5,68,1,46
706,L29,L2,7,59,0,87
707,L29,L2,8,54,1,66
708,L29,L2,7,44,1,26
709,L29,L2,5,38,1,59
710,L29,L2,7,74,1,38
711,L29,L2,5,34,1,83
713,L29,L2,4,80,1,92
716,L29,L2,3,67,0,38
717,L29,L2,5,55,0,46
718,L29,L2,5,20,1,19
719,L29,L2,5,46,0,87
720,L29,L2,43,90,1,103
723,L29,L2,17,79,1,97
724,L29,L2,5,24,1,30
725,L29,L2,22,75,1,73
728,L29,L2,7,61,1,46
730,L29,L2,9,75,1,50
735,L29,L2,8,31,0,34
740,L29,L2,66,97,1,61
600,L30,L2,20,85,1,34
603,L30,L2,35,85,1,30
605,L30,L2,50,75,1,22
606,L30,L2,45,80,1,25
607,L30,L2,35,80,1,17
608,L30,L2,70,90,1,68
610,L30,L2,60,90,1,86
611,L30,L2,40,90,1,74
612,L30,L2,25,85,1,57
613,L30,L2,65,90,1,58
614,L30,L2,80,80,0,106
615,L30,L2,45,85,1,70
616,L30,L2,35,90,1,32
617,L30,L2,75,90,0,42
618,L30,L2,40,85,1,94
620,L30,L2,50,100,1,80
621,L30,L2,25,75,0,19
626,L30,L2,75,95,1,95
627,L30,L2,45,85,1,30
629,L30,L2,75,90,1,56
630,L30,L2,75,85,1,33
703,L30,L2,40,65,0,38
704,L30,L2,40,85,1,46
706,L30,L2,30,85,1,87
707,L30,L2,75,90,1,66
708,L30,L2,40,70,1,26
709,L30,L2,40,80,0,59
710,L30,L2,45,95,1,38
711,L30,L2,45,85,1,83
713,L30,L2,35,90,0,92
716,L30,L2,30,85,0,38
717,L30,L2,40,65,1,46
718,L30,L2,25,60,0,19
719,L30,L2,50,60,0,87
720,L30,L2,95,100,1,103
723,L30,L2,80,90,1,97
724,L30,L2,45,90,1,30
725,L30,L2,60,90,0,73
728,L30,L2,85,95,1,46
730,L30,L2,40,90,1,50
735,L30,L2,20,80,1,34
740,L30,L2,85,95,1,61
600,L31,L2,1,46,1,34
603,L31,L2,7,65,0,30
605,L31,L2,2,49,0,22
606,L31,L2,8,6,1,25
607,L31,L2,7,36,1,17
608,L31,L2,13,82,1,68
610,L31,L2,75,95,1,86
611,L31,L2,13,71,1,74
612,L31,L2,1,65,1,57
613,L31,L2,10,33,1,58
614,L31,L2,85,97,0,106
615,L31,L2,16,64,1,70
616,L31,L2,6,67,1,32
617,L31,L2,32,10,0,42
618,L31,L2,1,35,1,94
620,L31,L2,17,93,1,80
621,L31,L2,1,18,0,19
626,L31,L2,66,61,1,95
627,L31,L2,9,6,1,30
629,L31,L2,23,87,1,56
630,L31,L2,2,44,0,33
703,L31,L2,1,37,0,38
704,L31,L2,13,78,1,46
706,L31,L2,1,57,0,87
707,L31,L2,22,76,1,66
708,L31,L2,3,31,0,26
709,L31,L2,24,60,0,59
710,L31,L2,3,86,1,38
711,L31,L2,44,52,0,83
713,L31,L2,47,78,1,92
716,L31,L2,25,75,0,38
717,L31,L2,1,23,0,46
718,L31,L2,7,16,0,19
719,L31,L2,14,79,1,87
720,L31,L2,91,91,1,103
723,L31,L2,44,72,1,97
724,L31,L2,5,67,1,30
725,L31,L2,61,92,1,73
728,L31,L2,11,63,1,46
730,L31,L2,15,86,1,50
735,L31,L2,1,36,0,34
740,L31,L2,75,93,1,61
600,L32,L2,19,70,1,34
603,L32,L2,12,67,1,30
605,L32,L2,3,14,1,22
606,L32,L2,2,3,1,25
607,L32,L2,7,12,0,17
608,L32,L2,23,75,1,68
610,L32,L2,55,80,1,86
611,L32,L2,17,62,1,74
612,L32,L2,16,72,1,57
613,L32,L2,54,62,1,58
614,L32,L2,80,93,1,106
615,L32,L2,55,76,1,70
616,L32,L2,53,94,1,32
617,L32,L2,38,35,1,42
618,L32,L2,3,27,0,94
620,L32,L2,54,93,1,80
621,L32,L2,12,54,0,19
626,L32,L2,62,74,1,95
627,L32,L2,5,14,0,30
629,L32,L2,42,87,1,56
630,L32,L2,13,23,1,33
703,L32,L2,10,35,1,38
704,L32,L2,44,89,1,46
706,L32,L2,12,31,1,87
707,L32,L2,19,80,1,66
708,L32,L2,16,29,1,26
709,L32,L2,19,61,1,59
710,L32,L2,16,82,1,38
711,L32,L2,50,61,0,83
713,L32,L2,54,91,1,92
716,L32,L2,61,100,1,38
717,L32,L2,2,20,1,46
718,L32,L2,13,16,0,19
719,L32,L2,9,42,1,87
720,L32,L2,100,77,1,103
723,L32,L2,37,85,1,97
724,L32,L2,13,52,1,30
725,L32,L2,25,92,1,73
728,L32,L2,54,93,1,46
730,L32,L2,12,76,0,50
735,L32,L2,9,27,1,34
740,L32,L2,72,94,1,61
600,L33,L2,31,65,1,34
603,L33,L2,25,29,0,30
605,L33,L2,2,2,0,22
606,L33,L2,7,3,0,25
607,L33,L2,7,19,1,17
608,L33,L2,34,62,1,68
610,L33,L2,63,86,1,86
611,L33,L2,67,53,0,74
612,L33,L2,31,60,1,57
613,L33,L2,27,25,1,58
614,L33,L2,95,100,1,106
615,L33,L2,34,58,1,70
616,L33,L2,9,61,1,32
617,L33,L2,80,71,1,42
618,L33,L2,23,42,0,94
620,L33,L2,49,87,1,80
621,L33,L2,7,6,0,19
626,L33,L2,89,69,1,95
627,L33,L2,16,4,1,30
629,L33,L2,32,76,1,56
630,L33,L2,8,29,1,33
703,L33,L2,7,24,1,38
704,L33,L2,19,34,1,46
706,L33,L2,7,7,0,87
707,L33,L2,72,94,1,66
708,L33,L2,18,27,1,26
709,L33,L2,16,61,1,59
710,L33,L2,18,56,1,38
711,L33,L2,61,61,1,83
713,L33,L2,46,97,1,92
716,L33,L2,29,66,1,38
717,L33,L2,22,25,1,46
718,L33,L2,6,9,0,19
719,L33,L2,37,79,1,87
720,L33,L2,95,93,1,103
723,L33,L2,41,93,1,97
724,L33,L2,17,19,1,30
725,L33,L2,60,90,1,73
728,L33,L2,18,71,1,46
730,L33,L2,28,70,1,50
735,L33,L2,10,10,0,34
740,L33,L2,64,100,1,61
600,L34,L2,27,84,1,34
603,L34,L2,18,46,1,30
605,L34,L2,13,12,1,22
606,L34,L2,12,28,1,25
607,L34,L2,48,49,1,17
608,L34,L2,18,80,1,68
610,L34,L2,45,76,1,86
611,L34,L2,71,79,1,74
612,L34,L2,25,80,1,57
613,L34,L2,77,85,1,58
614,L34,L2,72,88,1,106
615,L34,L2,27,79,1,70
616,L34,L2,39,100,1,32
617,L34,L2,17,12,1,42
618,L34,L2,20,35,0,94
620,L34,L2,67,93,1,80
621,L34,L2,10,13,0,19
626,L34,L2,78,91,1,95
627,L34,L2,9,11,1,30
629,L34,L2,71,85,1,56
630,L34,L2,20,22,1,33
703,L34,L2,12,13,1,38
704,L34,L2,31,72,1,46
706,L34,L2,14,13,1,87
707,L34,L2,66,71,1,66
708,L34,L2,9,9,0,26
709,L34,L2,36,9,1,59
710,L34,L2,33,37,1,38
711,L34,L2,27,19,1,83
713,L34,L2,60,89,1,92
716,L34,L2,15,70,1,38
717,L34,L2,22,33,1,46
718,L34,L2,15,12,0,19
719,L34,L2,21,44,1,87
720,L34,L2,100,100,1,103
723,L34,L2,67,100,1,97
724,L34,L2,18,42,1,30
725,L34,L2,78,93,1,73
728,L34,L2,20,88,1,46
730,L34,L2,16,94,0,50
735,L34,L2,9,11,1,34
740,L34,L2,83,100,1,61
600,L35,L2,22,90,1,34
603,L35,L2,38,90,1,30
605,L35,L2,69,68,1,22
606,L35,L2,16,86,1,25
607,L35,L2,46,45,0,17
608,L35,L2,54,92,1,68
610,L35,L2,38,100,1,86
611,L35,L2,77,84,1,74
612,L35,L2,20,88,1,57
613,L35,L2,46,96,1,58
614,L35,L2,51,86,1,106
615,L35,L2,62,86,0,70
616,L35,L2,35,91,1,32
617,L35,L2,35,22,0,42
618,L35,L2,45,88,1,94
620,L35,L2,54,95,1,80
621,L35,L2,30,86,0,19
626,L35,L2,69,94,1,95
627,L35,L2,17,96,1,30
629,L35,L2,50,86,0,56
630,L35,L2,28,88,1,33
703,L35,L2,24,84,1,38
704,L35,L2,11,90,1,46
706,L35,L2,51,68,0,87
707,L35,L2,61,88,1,66
708,L35,L2,23,93,1,26
709,L35,L2,29,87,1,59
710,L35,L2,18,87,1,38
711,L35,L2,74,80,0,83
713,L35,L2,67,93,1,92
716,L35,L2,50,90,1,38
717,L35,L2,23,84,1,46
718,L35,L2,46,87,0,19
719,L35,L2,29,49,1,87
720,L35,L2,77,88,1,103
723,L35,L2,68,98,1,97
724,L35,L2,25,84,1,30
725,L35,L2,62,95,1,73
728,L35,L2,53,81,1,46
730,L35,L2,38,93,1,50
735,L35,L2,22,87,0,34
740,L35,L2,57,90,1,61
600,L36,L2,30,80,1,34
603,L36,L2,24,41,0,30
605,L36,L2,14,43,1,22
606,L36,L2,20,51,1,25
607,L36,L2,30,60,1,17
608,L36,L2,31,74,1,68
610,L36,L2,57,84,1,86
611,L36,L2,48,82,1,74
612,L36,L2,35,76,1,57
613,L36,L2,52,69,1,58
614,L36,L2,41,70,1,106
615,L36,L2,44,74,1,70
616,L36,L2,21,59,1,32
617,L36,L2,17,60,0,42
618,L36,L2,18,50,1,94
620,L36,L2,45,89,1,80
621,L36,L2,23,75,0,19
626,L36,L2,30,76,1,95
627,L36,L2,31,50,1,30
629,L36,L2,55,74,1,56
630,L36,L2,31,50,1,33
703,L36,L2,10,50,1,38
704,L36,L2,35,66,1,46
706,L36,L2,38,70,1,87
707,L36,L2,22,60,1,66
708,L36,L2,22,61,1,26
709,L36,L2,29,53,1,59
710,L36,L2,42,74,1,38
711,L36,L2,40,80,1,83
713,L36,L2,58,83,1,92
716,L36,L2,40,68,1,38
717,L36,L2,21,25,1,46
718,L36,L2,26,49,0,19
719,L36,L2,29,66,0,87
720,L36,L2,40,63,1,103
723,L36,L2,50,82,1,97
724,L36,L2,21,40,1,30
725,L36,L2,37,75,0,73
728,L36,L2,30,77,1,46
730,L36,L2,42,84,1,50
735,L36,L2,20,60,0,34
740,L36,L2,38,84,1,61
600,L37,L2,26,56,1,34
603,L37,L2,21,70,1,30
605,L37,L2,6,50,1,22
606,L37,L2,32,48,1,25
607,L37,L2,20,24,1,17
608,L37,L2,11,97,1,68
610,L37,L2,19,80,0,86
611,L37,L2,27,67,1,74
612,L37,L2,17,77,1,57
613,L37,L2,14,29,1,58
614,L37,L2,32,59,0,106
615,L37,L2,28,75,1,70
616,L37,L2,22,72,1,32
617,L37,L2,50,34,0,42
618,L37,L2,24,68,0,94
620,L37,L2,40,68,1,80
621,L37,L2,8,64,0,19
626,L37,L2,44,70,1,95
627,L37,L2,29,52,1,30
629,L37,L2,27,75,1,56
630,L37,L2,13,16,0,33
703,L37,L2,15,86,1,38
704,L37,L2,16,68,1,46
706,L37,L2,20,43,0,87
707,L37,L2,73,86,1,66
708,L37,L2,32,48,1,26
709,L37,L2,9,68,1,59
710,L37,L2,21,77,1,38
711,L37,L2,23,72,1,83
713,L37,L2,19,49,1,92
716,L37,L2,26,75,0,38
717,L37,L2,76,46,0,46
718,L37,L2,25,34,0,19
719,L37,L2,34,67,1,87
720,L37,L2,30,87,1,103
723,L37,L2,34,87,1,97
724,L37,L2,28,65,1,30
725,L37,L2,32,64,1,73
728,L37,L2,28,67,1,46
730,L37,L2,26,69,0,50
735,L37,L2,8,30,0,34
740,L37,L2,10,78,1,61
600,L38,L2,16,75,1,34
603,L38,L2,35,52,0,30
605,L38,L2,34,29,0,22
606,L38,L2,68,42,1,25
607,L38,L2,18,33,1,17
608,L38,L2,34,67,0,68
610,L38,L2,74,100,1,86
611,L38,L2,91,100,1,74
612,L38,L2,43,73,1,57
613,L38,L2,59,26,1,58
614,L38,L2,87,100,0,106
615,L38,L2,33,69,1,70
616,L38,L2,27,76,1,32
617,L38,L2,16,47,1,42
618,L38,L2,33,26,0,94
620,L38,L2,25,100,1,80
621,L38,L2,38,24,0,19
626,L38,L2,71,82,1,95
627,L38,L2,39,42,1,30
629,L38,L2,35,82,1,56
630,L38,L2,20,69,0,33
703,L38,L2,16,52,1,38
704,L38,L2,26,78,1,46
706,L38,L2,30,84,0,87
707,L38,L2,12,60,1,66
708,L38,L2,27,38,1,26
709,L38,L2,49,35,0,59
710,L38,L2,26,88,1,38
711,L38,L2,61,70,0,83
713,L38,L2,36,79,1,92
716,L38,L2,39,75,1,38
717,L38,L2,13,28,0,46
718,L38,L2,61,23,0,19
719,L38,L2,47,88,1,87
720,L38,L2,100,82,0,103
723,L38,L2,66,84,1,97
724,L38,L2,15,42,1,30
725,L38,L2,35,90,1,73
728,L38,L2,35,84,1,46
730,L38,L2,33,67,1,50
735,L38,L2,16,46,0,34
740,L38,L2,100,100,1,61
600,L39,L2,0,50,1,34
603,L39,L2,0,25,1,30
605,L39,L2,0,0,0,22
606,L39,L2,0,0,1,25
607,L39,L2,0,0,1,17
608,L39,L2,20,50,1,68
610,L39,L2,30,100,0,86
611,L39,L2,20,75,1,74
612,L39,L2,0,100,1,57
613,L39,L2,20,70,1,58
614,L39,L2,50,80,1,106
615,L39,L2,20,80,0,70
616,L39,L2,0,50,1,32
617,L39,L2,30,50,1,42
618,L39,L2,20,60,0,94
620,L39,L2,20,100,1,80
621,L39,L2,0,50,0,19
626,L39,L2,30,75,1,95
627,L39,L2,0,0,0,30
629,L39,L2,20,50,1,56
630,L39,L2,30,25,0,33
703,L39,L2,0,50,1,38
704,L39,L2,0,75,1,46
706,L39,L2,0,25,1,87
707,L39,L2,20,100,1,66
708,L39,L2,0,0,0,26
709,L39,L2,20,30,0,59
710,L39,L2,20,100,1,38
711,L39,L2,0,25,0,83
713,L39,L2,30,100,1,92
716,L39,L2,20,100,0,38
717,L39,L2,0,25,0,46
718,L39,L2,20,50,0,19
719,L39,L2,30,90,1,87
720,L39,L2,30,50,1,103
723,L39,L2,20,100,1,97
724,L39,L2,0,50,1,30
725,L39,L2,20,100,1,73
728,L39,L2,20,100,1,46
730,L39,L2,20,80,0,50
735,L39,L2,20,20,0,34
740,L39,L2,30,100,1,61
600,L40,L2,9,9,1,34
603,L40,L2,31,68,1,30
605,L40,L2,6,6,1,22
606,L40,L2,5,6,1,25
607,L40,L2,11,12,0,17
608,L40,L2,23,27,0,68
610,L40,L2,85,80,1,86
611,L40,L2,50,53,1,74
612,L40,L2,42,65,1,57
613,L40,L2,21,35,1,58
614,L40,L2,67,76,1,106
615,L40,L2,31,51,0,70
616,L40,L2,10,10,1,32
617,L40,L2,5,14,1,42
618,L40,L2,18,37,0,94
620,L40,L2,53,81,1,80
621,L40,L2,21,69,1,19
626,L40,L2,33,72,1,95
627,L40,L2,27,49,0,30
629,L40,L2,50,55,1,56
630,L40,L2,21,28,0,33
703,L40,L2,20,51,1,38
704,L40,L2,35,62,1,46
706,L40,L2,22,36,1,87
707,L40,L2,18,32,1,66
708,L40,L2,5,6,0,26
709,L40,L2,6,29,0,59
710,L40,L2,30,48,1,38
711,L40,L2,14,14,0,83
713,L40,L2,22,49,1,92
716,L40,L2,27,53,0,38
717,L40,L2,21,63,0,46
718,L40,L2,10,11,0,19
719,L40,L2,37,80,1,87
720,L40,L2,87,90,0,103
723,L40,L2,56,60,0,97
724,L40,L2,13,34,1,30
725,L40,L2,22,50,1,73
728,L40,L2,27,62,1,46
730,L40,L2,33,49,0,50
735,L40,L2,27,36,0,34
740,L40,L2,67,66,1,61
600,L41,L2,3,61,1,34
603,L41,L2,5,63,1,30
605,L41,L2,2,36,0,22
606,L41,L2,4,52,0,25
607,L41,L2,9,59,1,17
608,L41,L2,9,57,0,68
610,L41,L2,26,90,1,86
611,L41,L2,12,77,0,74
612,L41,L2,7,85,1,57
613,L41,L2,9,79,1,58
614,L41,L2,37,100,0,106
615,L41,L2,14,74,0,70
616,L41,L2,5,62,1,32
617,L41,L2,7,81,0,42
618,L41,L2,8,79,0,94
620,L41,L2,29,100,1,80
621,L41,L2,4,58,0,19
626,L41,L2,10,67,1,95
627,L41,L2,2,50,1,30
629,L41,L2,13,86,1,56
630,L41,L2,3,59,0,33
703,L41,L2,9,85,1,38
704,L41,L2,11,68,1,46
706,L41,L2,11,83,1,87
707,L41,L2,10,69,1,66
708,L41,L2,10,66,0,26
709,L41,L2,6,59,0,59
710,L41,L2,12,0,1,38
711,L41,L2,8,78,0,83
713,L41,L2,8,72,1,92
716,L41,L2,11,84,1,38
717,L41,L2,2,39,1,46
718,L41,L2,11,87,0,19
719,L41,L2,18,68,0,87
720,L41,L2,10,77,0,103
723,L41,L2,3,75,1,97
724,L41,L2,4,42,1,30
725,L41,L2,28,93,0,73
728,L41,L2,8,92,1,46
730,L41,L2,4,63,0,50
735,L41,L2,1,41,0,34
740,L41,L2,9,78,1,61
600,L42,L2,34,83,1,34
603,L42,L2,35,77,1,30
605,L42,L2,21,73,0,22
606,L42,L2,36,75,1,25
607,L42,L2,24,86,1,17
608,L42,L2,56,81,1,68
610,L42,L2,87,100,1,86
611,L42,L2,32,81,1,74
612,L42,L2,15,80,1,57
613,L42,L2,22,87,1,58
614,L42,L2,62,95,0,106
615,L42,L2,18,68,1,70
616,L42,L2,22,81,1,32
617,L42,L2,55,86,1,42
618,L42,L2,32,83,0,94
620,L42,L2,60,100,1,80
621,L42,L2,7,77,0,19
626,L42,L2,21,75,1,95
627,L42,L2,20,78,0,30
629,L42,L2,31,81,1,56
630,L42,L2,11,71,1,33
703,L42,L2,8,64,1,38
704,L42,L2,17,89,1,46
706,L42,L2,29,79,1,87
707,L42,L2,47,88,1,66
708,L42,L2,19,70,0,26
709,L42,L2,20,74,1,59
710,L42,L2,19,92,1,38
711,L42,L2,29,73,0,83
713,L42,L2,50,96,1,92
716,L42,L2,35,92,0,38
717,L42,L2,27,78,1,46
718,L42,L2,37,32,1,19
719,L42,L2,18,79,1,87
720,L42,L2,87,96,1,103
723,L42,L2,34,93,1,97
724,L42,L2,24,77,1,30
725,L42,L2,27,86,1,73
728,L42,L2,76,97,1,46
730,L42,L2,49,96,1,50
735,L42,L2,27,55,0,34
740,L42,L2,33,93,1,61
600,L43,L2,3,72,1,34
603,L43,L2,15,100,1,30
605,L43,L2,8,34,0,22
606,L43,L2,11,12,0,25
607,L43,L2,0,18,1,17
608,L43,L2,14,100,1,68
610,L43,L2,71,100,1,86
611,L43,L2,16,92,1,74
612,L43,L2,18,98,1,57
613,L43,L2,22,80,1,58
614,L43,L2,96,100,1,106
615,L43,L2,28,90,0,70
616,L43,L2,10,100,1,32
617,L43,L2,0,100,1,42
618,L43,L2,0,26,0,94
620,L43,L2,28,100,1,80
621,L43,L2,0,96,0,19
626,L43,L2,15,98,1,95
627,L43,L2,0,13,1,30
629,L43,L2,48,100,1,56
630,L43,L2,15,86,1,33
703,L43,L2,5,65,0,38
704,L43,L2,17,82,1,46
706,L43,L2,0,100,1,87
707,L43,L2,11,90,1,66
708,L43,L2,7,23,0,26
709,L43,L2,0,93,1,59
710,L43,L2,11,100,1,38
711,L43,L2,12,93,1,83
713,L43,L2,21,100,1,92
716,L43,L2,18,100,1,38
717,L43,L2,0,20,1,46
718,L43,L2,10,94,0,19
719,L43,L2,0,99,1,87
720,L43,L2,100,100,1,103
723,L43,L2,15,100,1,97
724,L43,L2,22,91,1,30
725,L43,L2,92,100,1,73
728,L43,L2,8,85,1,46
730,L43,L2,6,100,1,50
735,L43,L2,0,39,1,34
740,L43,L2,4,100,1,61
600,L44,L2,21,100,1,34
603,L44,L2,26,61,1,30
605,L44,L2,6,13,0,22
606,L44,L2,27,16,0,25
607,L44,L2,1,12,0,17
608,L44,L2,36,59,1,68
610,L44,L2,32,87,1,86
611,L44,L2,21,61,1,74
612,L44,L2,8,56,1,57
613,L44,L2,28,44,1,58
614,L44,L2,23,89,1,106
615,L44,L2,40,36,0,70
616,L44,L2,6,55,1,32
617,L44,L2,23,62,1,42
618,L44,L2,11,40,0,94
620,L44,L2,36,100,1,80
621,L44,L2,0,5,0,19
626,L44,L2,25,14,0,95
627,L44,L2,15,9,0,30
629,L44,L2,37,78,1,56
630,L44,L2,10,46,0,33
703,L44,L2,22,24,0,38
704,L44,L2,73,95,1,46
706,L44,L2,22,42,1,87
707,L44,L2,29,54,0,66
708,L44,L2,9,49,1,26
709,L44,L2,12,51,1,59
710,L44,L2,28,56,1,38
711,L44,L2,16,25,0,83
713,L44,L2,30,43,0,92
716,L44,L2,37,73,0,38
717,L44,L2,16,81,0,46
718,L44,L2,5,32,0,19
719,L44,L2,16,12,0,87
720,L44,L2,22,67,1,103
723,L44,L2,9,22,0,97
724,L44,L2,9,9,0,30
725,L44,L2,27,77,1,73
728,L44,L2,39,70,1,46
730,L44,L2,21,86,0,50
735,L44,L2,23,29,0,34
740,L44,L2,72,100,1,61
600,L45,L2,24,51,1,34
603,L45,L2,26,42,1,30
605,L45,L2,26,39,0,22
606,L45,L2,36,20,0,25
607,L45,L2,11,16,0,17
608,L45,L2,28,84,1,68
610,L45,L2,54,93,1,86
611,L45,L2,26,58,1,74
612,L45,L2,13,16,1,57
613,L45,L2,32,69,1,58
614,L45,L2,42,71,0,106
615,L45,L2,25,60,0,70
616,L45,L2,20,77,1,32
617,L45,L2,37,19,0,42
618,L45,L2,40,42,1,94
620,L45,L2,30,78,1,80
621,L45,L2,20,40,0,19
626,L45,L2,37,53,1,95
627,L45,L2,24,42,0,30
629,L45,L2,20,74,1,56
630,L45,L2,19,34,1,33
703,L45,L2,12,33,1,38
704,L45,L2,24,64,1,46
706,L45,L2,29,79,1,87
707,L45,L2,17,67,1,66
708,L45,L2,20,32,0,26
709,L45,L2,26,62,0,59
710,L45,L2,28,56,1,38
711,L45,L2,22,73,0,83
713,L45,L2,32,88,1,92
716,L45,L2,34,69,0,38
717,L45,L2,13,60,0,46
718,L45,L2,20,34,1,19
719,L45,L2,21,56,1,87
720,L45,L2,92,84,1,103
723,L45,L2,21,58,1,97
724,L45,L2,11,40,1,30
725,L45,L2,24,70,0,73
728,L45,L2,25,72,1,46
730,L45,L2,17,66,1,50
735,L45,L2,20,38,0,34
740,L45,L2,24,80,1,61
600,L46,L2,10,40,1,34
603,L46,L2,12,46,1,30
605,L46,L2,5,5,0,22
606,L46,L2,8,10,1,25
607,L46,L2,10,10,1,17
608,L46,L2,16,50,1,68
610,L46,L2,41,65,1,86
611,L46,L2,30,30,1,74
612,L46,L2,5,50,1,57
613,L46,L2,15,50,1,58
614,L46,L2,40,50,1,106
615,L46,L2,12,45,1,70
616,L46,L2,13,57,1,32
617,L46,L2,5,10,0,42
618,L46,L2,6,32,1,94
620,L46,L2,7,55,1,80
621,L46,L2,9,28,0,19
626,L46,L2,26,40,1,95
627,L46,L2,5,22,1,30
629,L46,L2,19,64,1,56
630,L46,L2,5,16,1,33
703,L46,L2,10,50,1,38
704,L46,L2,10,35,1,46
706,L46,L2,15,15,1,87
707,L46,L2,10,30,1,66
708,L46,L2,9,9,1,26
709,L46,L2,31,35,1,59
710,L46,L2,4,40,1,38
711,L46,L2,15,35,1,83
713,L46,L2,21,70,1,92
716,L46,L2,10,30,0,38
717,L46,L2,8,44,1,46
718,L46,L2,7,32,0,19
719,L46,L2,10,19,0,87
720,L46,L2,8,70,1,103
723,L46,L2,20,61,1,97
724,L46,L2,6,50,1,30
725,L46,L2,34,73,1,73
728,L46,L2,15,45,1,46
730,L46,L2,18,55,1,50
735,L46,L2,5,20,1,34
740,L46,L2,45,65,1,61
600,L47,L2,12,72,1,34
603,L47,L2,14,57,1,30
605,L47,L2,71,4,0,22
606,L47,L2,51,31,1,25
607,L47,L2,27,39,1,17
608,L47,L2,8,80,0,68
610,L47,L2,68,94,1,86
611,L47,L2,15,77,1,74
612,L47,L2,7,55,1,57
613,L47,L2,25,73,1,58
614,L47,L2,56,89,1,106
615,L47,L2,34,78,1,70
616,L47,L2,20,83,1,32
617,L47,L2,43,52,0,42
618,L47,L2,30,45,0,94
620,L47,L2,31,82,1,80
621,L47,L2,24,11,0,19
626,L47,L2,40,96,1,95
627,L47,L2,17,34,1,30
629,L47,L2,22,90,1,56
630,L47,L2,9,40,0,33
703,L47,L2,8,71,1,38
704,L47,L2,7,59,1,46
706,L47,L2,25,64,1,87
707,L47,L2,21,68,1,66
708,L47,L2,13,78,0,26
709,L47,L2,9,77,0,59
710,L47,L2,28,68,0,38
711,L47,L2,8,72,0,83
713,L47,L2,43,95,1,92
716,L47,L2,20,83,0,38
717,L47,L2,6,77,0,46
718,L47,L2,48,47,0,19
719,L47,L2,6,60,1,87
720,L47,L2,84,85,1,103
723,L47,L2,46,92,1,97
724,L47,L2,6,73,1,30
725,L47,L2,10,74,0,73
728,L47,L2,34,92,1,46
730,L47,L2,9,66,0,50
735,L47,L2,4,61,0,34
740,L47,L2,54,92,1,61
600,L48,L2,4,4,1,34
603,L48,L2,21,30,1,30
605,L48,L2,8,4,0,22
606,L48,L2,3,3,0,25
607,L48,L2,5,5,0,17
608,L48,L2,10,10,1,68
610,L48,L2,80,80,1,86
611,L48,L2,13,13,1,74
612,L48,L2,3,3,0,57
613,L48,L2,16,15,1,58
614,L48,L2,40,40,0,106
615,L48,L2,22,22,0,70
616,L48,L2,13,14,1,32
617,L48,L2,5,6,0,42
618,L48,L2,31,51,0,94
620,L48,L2,50,50,1,80
621,L48,L2,,,0,19
626,L48,L2,13,15,0,95
627,L48,L2,10,9,0,30
629,L48,L2,10,10,1,56
630,L48,L2,13,7,0,33
703,L48,L2,10,10,1,38
704,L48,L2,18,24,1,46
706,L48,L2,10,10,1,87
707,L48,L2,4,4,0,66
708,L48,L2,10,20,1,26
709,L48,L2,4,4,0,59
710,L48,L2,10,11,1,38
711,L48,L2,9,9,0,83
713,L48,L2,7,10,0,92
716,L48,L2,6,6,0,38
717,L48,L2,26,25,0,46
718,L48,L2,15,16,0,19
719,L48,L2,10,13,1,87
720,L48,L2,95,100,1,103
723,L48,L2,25,25,1,97
724,L48,L2,5,3,1,30
725,L48,L2,41,44,1,73
728,L48,L2,25,25,1,46
730,L48,L2,27,42,0,50
735,L48,L2,3,3,0,34
740,L48,L2,44,67,1,61
600,L49,L2,11,28,1,34
603,L49,L2,5,24,1,30
605,L49,L2,2,3,1,22
606,L49,L2,48,5,1,25
607,L49,L2,4,14,1,17
608,L49,L2,29,74,1,68
610,L49,L2,47,79,1,86
611,L49,L2,29,67,1,74
612,L49,L2,16,20,1,57
613,L49,L2,14,23,1,58
614,L49,L2,92,96,1,106
615,L49,L2,39,76,1,70
616,L49,L2,20,56,1,32
617,L49,L2,14,52,1,42
618,L49,L2,20,74,0,94
620,L49,L2,40,95,1,80
621,L49,L2,5,7,0,19
626,L49,L2,25,78,0,95
627,L49,L2,5,4,1,30
629,L49,L2,15,46,1,56
630,L49,L2,3,2,0,33
703,L49,L2,5,18,0,38
704,L49,L2,12,37,1,46
706,L49,L2,12,49,1,87
707,L49,L2,4,22,1,66
708,L49,L2,3,15,1,26
709,L49,L2,13,57,1,59
710,L49,L2,16,40,1,38
711,L49,L2,10,6,0,83
713,L49,L2,17,65,1,92
716,L49,L2,28,69,1,38
717,L49,L2,2,2,0,46
718,L49,L2,16,28,0,19
719,L49,L2,6,4,0,87
720,L49,L2,96,92,0,103
723,L49,L2,77,86,1,97
724,L49,L2,8,24,1,30
725,L49,L2,57,61,1,73
728,L49,L2,24,39,1,46
730,L49,L2,12,46,0,50
735,L49,L2,8,6,0,34
740,L49,L2,9,75,1,61
600,L50,L2,3,55,1,34
603,L50,L2,4,73,1,30
605,L50,L2,2,20,0,22
606,L50,L2,3,12,0,25
607,L50,L2,2,21,1,17
608,L50,L2,7,52,1,68
610,L50,L2,8,85,1,86
611,L50,L2,27,84,1,74
612,L50,L2,5,73,0,57
613,L50,L2,1,49,1,58
614,L50,L2,97,97,0,106
615,L50,L2,2,19,0,70
616,L50,L2,3,60,1,32
617,L50,L2,3,47,1,42
618,L50,L2,2,18,0,94
620,L50,L2,65,80,1,80
621,L50,L2,2,17,0,19
626,L50,L2,10,70,1,95
627,L50,L2,2,38,1,30
629,L50,L2,8,86,1,56
630,L50,L2,1,28,1,33
703,L50,L2,3,61,1,38
704,L50,L2,3,41,1,46
706,L50,L2,3,66,1,87
707,L50,L2,3,37,1,66
708,L50,L2,1,27,0,26
709,L50,L2,3,50,1,59
710,L50,L2,7,58,1,38
711,L50,L2,24,87,0,83
713,L50,L2,28,85,1,92
716,L50,L2,5,87,1,38
717,L50,L2,1,61,0,46
718,L50,L2,3,59,0,19
719,L50,L2,3,38,0,87
720,L50,L2,97,96,1,103
723,L50,L2,11,84,1,97
724,L50,L2,2,52,1,30
725,L50,L2,3,72,1,73
728,L50,L2,12,81,1,46
730,L50,L2,3,22,0,50
735,L50,L2,2,20,0,34
740,L50,L2,3,63,1,61
600,L51,L2,79,65,1,34
603,L51,L2,80,79,0,30
605,L51,L2,76,59,0,22
606,L51,L2,72,48,0,25
607,L51,L2,82,86,1,17
608,L51,L2,84,69,1,68
610,L51,L2,80,79,1,86
611,L51,L2,86,78,1,74
612,L51,L2,90,92,1,57
613,L51,L2,91,90,1,58
614,L51,L2,90,90,1,106
615,L51,L2,89,83,1,70
616,L51,L2,91,90,1,32
617,L51,L2,78,64,0,42
618,L51,L2,81,71,0,94
620,L51,L2,95,95,1,80
621,L51,L2,67,43,0,19
626,L51,L2,74,50,0,95
627,L51,L2,86,55,1,30
629,L51,L2,90,92,1,56
630,L51,L2,69,60,0,33
703,L51,L2,73,69,1,38
704,L51,L2,75,68,1,46
706,L51,L2,90,78,1,87
707,L51,L2,80,50,1,66
708,L51,L2,85,60,0,26
709,L51,L2,86,68,1,59
710,L51,L2,90,80,1,38
711,L51,L2,66,68,0,83
713,L51,L2,90,87,1,92
716,L51,L2,89,90,1,38
717,L51,L2,69,40,0,46
718,L51,L2,74,50,0,19
719,L51,L2,80,80,1,87
720,L51,L2,98,91,0,103
723,L51,L2,90,63,1,97
724,L51,L2,73,50,1,30
725,L51,L2,92,89,1,73
728,L51,L2,90,78,1,46
730,L51,L2,87,79,1,50
735,L51,L2,69,62,0,34
740,L51,L2,91,90,1,61
600,L52,L2,14,48,1,34
603,L52,L2,9,29,1,30
605,L52,L2,9,30,1,22
606,L52,L2,19,15,1,25
607,L52,L2,10,29,1,17
608,L52,L2,22,26,1,68
610,L52,L2,49,86,1,86
611,L52,L2,45,75,1,74
612,L52,L2,24,70,1,57
613,L52,L2,39,70,1,58
614,L52,L2,39,73,1,106
615,L52,L2,24,50,0,70
616,L52,L2,28,60,1,32
617,L52,L2,15,43,0,42
618,L52,L2,17,25,1,94
620,L52,L2,25,75,1,80
621,L52,L2,24,50,1,19
626,L52,L2,21,35,1,95
627,L52,L2,9,22,1,30
629,L52,L2,61,71,1,56
630,L52,L2,25,57,0,33
703,L52,L2,5,33,1,38
704,L52,L2,19,45,1,46
706,L52,L2,33,70,1,87
707,L52,L2,27,20,0,66
708,L52,L2,10,32,0,26
709,L52,L2,43,38,1,59
710,L52,L2,70,50,1,38
711,L52,L2,18,29,0,83
713,L52,L2,21,64,1,92
716,L52,L2,20,60,1,38
717,L52,L2,25,38,1,46
718,L52,L2,11,32,0,19
719,L52,L2,17,69,1,87
720,L52,L2,69,83,0,103
723,L52,L2,33,68,1,97
724,L52,L2,9,59,1,30
725,L52,L2,50,71,0,73
728,L52,L2,19,65,1,46
730,L52,L2,10,34,1,50
735,L52,L2,11,25,0,34
740,L52,L2,29,70,0,61
600,L53,L2,6,22,1,34
603,L53,L2,54,75,1,30
605,L53,L2,3,3,0,22
606,L53,L2,7,7,1,25
607,L53,L2,10,33,1,17
608,L53,L2,26,70,1,68
610,L53,L2,78,90,1,86
611,L53,L2,31,2,1,74
612,L53,L2,21,51,1,57
613,L53,L2,31,84,1,58
614,L53,L2,97,97,1,106
615,L53,L2,26,22,0,70
616,L53,L2,31,77,1,32
617,L53,L2,17,64,1,42
618,L53,L2,10,10,0,94
620,L53,L2,75,100,1,80
621,L53,L2,5,5,0,19
626,L53,L2,19,75,1,95
627,L53,L2,12,22,1,30
629,L53,L2,88,89,1,56
630,L53,L2,6,2,0,33
703,L53,L2,14,12,0,38
704,L53,L2,10,80,1,46
706,L53,L2,24,71,0,87
707,L53,L2,29,69,1,66
708,L53,L2,19,38,1,26
709,L53,L2,8,7,0,59
710,L53,L2,34,95,1,38
711,L53,L2,34,33,1,83
713,L53,L2,43,76,1,92
716,L53,L2,22,87,1,38
717,L53,L2,9,4,1,46
718,L53,L2,51,52,0,19
719,L53,L2,32,11,1,87
720,L53,L2,71,65,1,103
723,L53,L2,80,90,1,97
724,L53,L2,10,19,1,30
725,L53,L2,51,89,1,73
728,L53,L2,24,84,1,46
730,L53,L2,20,35,0,50
735,L53,L2,5,7,0,34
740,L53,L2,74,94,1,61
600,L54,L2,6,97,1,34
603,L54,L2,17,87,1,30
605,L54,L2,71,10,0,22
606,L54,L2,83,35,1,25
607,L54,L2,8,6,0,17
608,L54,L2,62,93,1,68
610,L54,L2,70,96,1,86
611,L54,L2,82,96,1,74
612,L54,L2,70,100,1,57
613,L54,L2,31,100,1,58
614,L54,L2,60,60,1,106
615,L54,L2,63,60,0,70
616,L54,L2,51,100,1,32
617,L54,L2,70,22,0,42
618,L54,L2,18,18,1,94
620,L54,L2,87,100,1,80
621,L54,L2,10,100,1,19
626,L54,L2,73,87,1,95
627,L54,L2,5,5,1,30
629,L54,L2,83,100,1,56
630,L54,L2,36,26,0,33
703,L54,L2,3,69,1,38
704,L54,L2,41,65,1,46
706,L54,L2,36,47,1,87
707,L54,L2,76,84,1,66
708,L54,L2,59,71,1,26
709,L54,L2,66,86,1,59
710,L54,L2,14,78,1,38
711,L54,L2,57,84,1,83
713,L54,L2,84,95,1,92
716,L54,L2,43,97,0,38
717,L54,L2,59,16,0,46
718,L54,L2,34,83,0,19
719,L54,L2,6,3,0,87
720,L54,L2,100,100,1,103
723,L54,L2,63,95,1,97
724,L54,L2,61,100,1,30
725,L54,L2,70,95,0,73
728,L54,L2,57,100,1,46
730,L54,L2,28,84,1,50
735,L54,L2,10,2,0,34
740,L54,L2,48,100,1,61
600,L55,L2,34,34,1,34
603,L55,L2,10,4,1,30
605,L55,L2,9,1,0,22
606,L55,L2,8,47,0,25
607,L55,L2,12,43,0,17
608,L55,L2,14,46,1,68
610,L55,L2,26,81,1,86
611,L55,L2,17,71,1,74
612,L55,L2,24,81,1,57
613,L55,L2,8,53,0,58
614,L55,L2,82,82,0,106
615,L55,L2,20,32,1,70
616,L55,L2,13,40,1,32
617,L55,L2,16,41,0,42
618,L55,L2,14,7,0,94
620,L55,L2,24,99,1,80
621,L55,L2,11,87,1,19
626,L55,L2,59,55,0,95
627,L55,L2,6,11,1,30
629,L55,L2,23,49,1,56
630,L55,L2,20,46,0,33
703,L55,L2,4,45,1,38
704,L55,L2,26,72,1,46
706,L55,L2,5,59,1,87
707,L55,L2,35,77,1,66
708,L55,L2,5,25,1,26
709,L55,L2,37,44,0,59
710,L55,L2,14,47,1,38
711,L55,L2,34,100,0,83
713,L55,L2,61,90,1,92
716,L55,L2,35,85,0,38
717,L55,L2,28,37,0,46
718,L55,L2,24,19,0,19
719,L55,L2,7,16,0,87
720,L55,L2,45,80,0,103
723,L55,L2,77,92,1,97
724,L55,L2,12,80,1,30
725,L55,L2,34,91,1,73
728,L55,L2,14,60,1,46
730,L55,L2,29,88,0,50
735,L55,L2,14,5,0,34
740,L55,L2,31,84,0,61
600,L56,L2,22,45,1,34
603,L56,L2,22,23,1,30
605,L56,L2,33,12,0,22
606,L56,L2,26,7,0,25
607,L56,L2,26,40,1,17
608,L56,L2,40,63,0,68
610,L56,L2,53,67,1,86
611,L56,L2,20,82,0,74
612,L56,L2,8,66,1,57
613,L56,L2,30,47,1,58
614,L56,L2,21,80,0,106
615,L56,L2,20,79,0,70
616,L56,L2,46,46,1,32
617,L56,L2,72,54,1,42
618,L56,L2,17,38,0,94
620,L56,L2,51,100,1,80
621,L56,L2,16,40,1,19
626,L56,L2,59,69,1,95
627,L56,L2,16,2,1,30
629,L56,L2,40,40,1,56
630,L56,L2,47,70,1,33
703,L56,L2,20,36,0,38
704,L56,L2,16,72,1,46
706,L56,L2,34,47,1,87
707,L56,L2,10,62,1,66
708,L56,L2,5,6,1,26
709,L56,L2,29,81,1,59
710,L56,L2,30,61,1,38
711,L56,L2,33,10,0,83
713,L56,L2,23,100,1,92
716,L56,L2,6,49,0,38
717,L56,L2,25,53,0,46
718,L56,L2,21,23,0,19
719,L56,L2,3,56,0,87
720,L56,L2,17,55,0,103
723,L56,L2,34,100,1,97
724,L56,L2,33,46,1,30
725,L56,L2,16,84,1,73
728,L56,L2,45,76,1,46
730,L56,L2,36,69,0,50
735,L56,L2,12,62,0,34
740,L56,L2,38,100,1,61
600,L57,L2,11,73,1,34
603,L57,L2,5,73,1,30
605,L57,L2,1,40,1,22
606,L57,L2,1,42,1,25
607,L57,L2,3,35,0,17
608,L57,L2,21,82,1,68
610,L57,L2,50,92,0,86
611,L57,L2,10,73,1,74
612,L57,L2,2,86,1,57
613,L57,L2,14,81,1,58
614,L57,L2,18,75,0,106
615,L57,L2,9,85,0,70
616,L57,L2,8,86,1,32
617,L57,L2,16,88,1,42
618,L57,L2,3,41,1,94
620,L57,L2,3,86,1,80
621,L57,L2,3,67,0,19
626,L57,L2,31,81,1,95
627,L57,L2,5,46,1,30
629,L57,L2,5,80,0,56
630,L57,L2,3,67,0,33
703,L57,L2,2,36,0,38
704,L57,L2,7,77,1,46
706,L57,L2,6,65,1,87
707,L57,L2,4,59,0,66
708,L57,L2,1,63,1,26
709,L57,L2,2,79,1,59
710,L57,L2,2,91,1,38
711,L57,L2,20,67,0,83
713,L57,L2,5,7,1,92
716,L57,L2,3,70,0,38
717,L57,L2,3,85,0,46
718,L57,L2,1,37,0,19
719,L57,L2,12,57,1,87
720,L57,L2,13,90,1,103
723,L57,L2,23,86,0,97
724,L57,L2,2,83,1,30
725,L57,L2,8,84,1,73
728,L57,L2,41,77,1,46
730,L57,L2,6,70,0,50
735,L57,L2,1,32,0,34
740,L57,L2,55,86,1,61
600,L58,L2,10,60,1,34
603,L58,L2,33,90,1,30
605,L58,L2,42,16,0,22
606,L58,L2,29,48,0,25
607,L58,L2,20,53,1,17
608,L58,L2,39,84,1,68
610,L58,L2,50,100,1,86
611,L58,L2,65,80,1,74
612,L58,L2,20,75,1,57
613,L58,L2,33,28,1,58
614,L58,L2,80,100,0,106
615,L58,L2,49,75,1,70
616,L58,L2,39,100,1,32
617,L58,L2,48,100,0,42
618,L58,L2,70,60,0,94
620,L58,L2,65,100,1,80
621,L58,L2,33,19,0,19
626,L58,L2,70,65,1,95
627,L58,L2,30,16,1,30
629,L58,L2,52,96,1,56
630,L58,L2,41,53,0,33
703,L58,L2,43,68,1,38
704,L58,L2,41,85,1,46
706,L58,L2,30,76,1,87
707,L58,L2,80,85,1,66
708,L58,L2,38,60,0,26
709,L58,L2,33,75,1,59
710,L58,L2,42,100,1,38
711,L58,L2,47,90,0,83
713,L58,L2,47,100,1,92
716,L58,L2,31,90,1,38
717,L58,L2,33,70,0,46
718,L58,L2,50,50,0,19
719,L58,L2,47,82,1,87
720,L58,L2,100,100,1,103
723,L58,L2,36,100,1,97
724,L58,L2,31,75,1,30
725,L58,L2,40,100,0,73
728,L58,L2,30,100,1,46
730,L58,L2,43,85,1,50
735,L58,L2,20,60,0,34
740,L58,L2,100,100,1,61
600,L59,L2,27,40,1,34
603,L59,L2,27,60,1,30
605,L59,L2,25,10,0,22
606,L59,L2,0,30,0,25
607,L59,L2,25,70,1,17
608,L59,L2,75,100,1,68
610,L59,L2,80,100,1,86
611,L59,L2,60,100,1,74
612,L59,L2,20,70,1,57
613,L59,L2,27,50,1,58
614,L59,L2,80,100,1,106
615,L59,L2,75,100,1,70
616,L59,L2,40,90,1,32
617,L59,L2,50,50,1,42
618,L59,L2,40,70,0,94
620,L59,L2,70,100,1,80
621,L59,L2,30,70,1,19
626,L59,L2,70,90,1,95
627,L59,L2,26,30,1,30
629,L59,L2,79,100,1,56
630,L59,L2,0,21,1,33
703,L59,L2,0,50,0,38
704,L59,L2,30,80,1,46
706,L59,L2,26,100,1,87
707,L59,L2,70,90,1,66
708,L59,L2,0,20,0,26
709,L59,L2,27,95,1,59
710,L59,L2,25,50,1,38
711,L59,L2,65,95,0,83
713,L59,L2,75,100,1,92
716,L59,L2,40,100,1,38
717,L59,L2,40,80,1,46
718,L59,L2,0,20,0,19
719,L59,L2,20,50,1,87
720,L59,L2,90,70,1,103
723,L59,L2,70,100,1,97
724,L59,L2,0,40,1,30
725,L59,L2,30,90,1,73
728,L59,L2,26,85,1,46
730,L59,L2,0,100,0,50
735,L59,L2,0,50,0,34
740,L59,L2,80,100,1,61
600,L60,L2,7,45,1,34
603,L60,L2,64,100,1,30
605,L60,L2,4,7,0,22
606,L60,L2,49,46,0,25
607,L60,L2,4,72,1,17
608,L60,L2,35,81,1,68
610,L60,L2,58,92,0,86
611,L60,L2,68,100,1,74
612,L60,L2,16,90,1,57
613,L60,L2,59,80,1,58
614,L60,L2,88,100,0,106
615,L60,L2,69,63,1,70
616,L60,L2,35,74,1,32
617,L60,L2,72,89,0,42
618,L60,L2,62,7,0,94
620,L60,L2,58,95,0,80
621,L60,L2,54,52,1,19
626,L60,L2,74,100,1,95
627,L60,L2,8,11,1,30
629,L60,L2,85,100,1,56
630,L60,L2,61,78,1,33
703,L60,L2,46,79,1,38
704,L60,L2,73,92,1,46
706,L60,L2,64,93,1,87
707,L60,L2,77,82,0,66
708,L60,L2,12,19,1,26
709,L60,L2,69,100,1,59
710,L60,L2,55,85,1,38
711,L60,L2,59,21,0,83
713,L60,L2,76,100,1,92
716,L60,L2,70,100,1,38
717,L60,L2,66,100,0,46
718,L60,L2,9,75,0,19
719,L60,L2,57,72,1,87
720,L60,L2,100,100,0,103
723,L60,L2,67,100,0,97
724,L60,L2,9,80,1,30
725,L60,L2,53,100,0,73
728,L60,L2,61,88,1,46
730,L60,L2,60,91,1,50
735,L60,L2,36,13,0,34
740,L60,L2,86,100,1,61
600,L61,L2,24,41,1,34
603,L61,L2,32,56,1,30
605,L61,L2,11,16,0,22
606,L61,L2,2,3,0,25
607,L61,L2,7,17,1,17
608,L61,L2,50,76,1,68
610,L61,L2,28,73,1,86
611,L61,L2,48,74,1,74
612,L61,L2,20,49,1,57
613,L61,L2,45,48,0,58
614,L61,L2,12,61,0,106
615,L61,L2,36,55,0,70
616,L61,L2,25,28,1,32
617,L61,L2,7,3,0,42
618,L61,L2,14,10,0,94
620,L61,L2,28,35,1,80
621,L61,L2,4,2,0,19
626,L61,L2,16,31,1,95
627,L61,L2,31,19,0,30
629,L61,L2,33,50,1,56
630,L61,L2,12,8,1,33
703,L61,L2,7,2,1,38
704,L61,L2,35,47,1,46
706,L61,L2,22,31,0,87
707,L61,L2,33,42,1,66
708,L61,L2,3,6,0,26
709,L61,L2,35,65,0,59
710,L61,L2,17,53,0,38
711,L61,L2,32,42,0,83
713,L61,L2,30,64,1,92
716,L61,L2,55,52,0,38
717,L61,L2,14,12,0,46
718,L61,L2,6,2,0,19
719,L61,L2,46,37,1,87
720,L61,L2,96,97,1,103
723,L61,L2,46,54,1,97
724,L61,L2,36,51,1,30
725,L61,L2,38,86,0,73
728,L61,L2,45,90,1,46
730,L61,L2,40,71,1,50
735,L61,L2,12,34,0,34
740,L61,L2,43,62,1,61
600,L62,L2,10,59,1,34
603,L62,L2,11,70,1,30
605,L62,L2,19,61,0,22
606,L62,L2,9,38,1,25
607,L62,L2,32,45,0,17
608,L62,L2,30,64,0,68
610,L62,L2,30,80,1,86
611,L62,L2,26,86,0,74
612,L62,L2,14,86,0,57
613,L62,L2,16,45,1,58
614,L62,L2,32,89,1,106
615,L62,L2,22,55,0,70
616,L62,L2,9,51,1,32
617,L62,L2,22,66,0,42
618,L62,L2,19,56,0,94
620,L62,L2,33,98,1,80
621,L62,L2,28,56,1,19
626,L62,L2,19,86,1,95
627,L62,L2,14,48,1,30
629,L62,L2,29,77,1,56
630,L62,L2,15,58,0,33
703,L62,L2,13,70,1,38
704,L62,L2,34,68,1,46
706,L62,L2,19,66,0,87
707,L62,L2,14,62,1,66
708,L62,L2,2,49,0,26
709,L62,L2,30,77,0,59
710,L62,L2,25,81,1,38
711,L62,L2,21,70,0,83
713,L62,L2,6,100,0,92
716,L62,L2,34,79,0,38
717,L62,L2,22,59,0,46
718,L62,L2,22,45,1,19
719,L62,L2,24,73,0,87
720,L62,L2,86,99,0,103
723,L62,L2,28,98,1,97
724,L62,L2,17,57,1,30
725,L62,L2,29,89,0,73
728,L62,L2,20,58,1,46
730,L62,L2,24,56,0,50
735,L62,L2,13,35,0,34
740,L62,L2,64,99,1,61
600,L63,L2,78,50,1,34
603,L63,L2,44,96,1,30
605,L63,L2,75,42,0,22
606,L63,L2,100,28,0,25
607,L63,L2,78,43,1,17
608,L63,L2,51,83,0,68
610,L63,L2,78,85,1,86
611,L63,L2,95,72,1,74
612,L63,L2,34,60,1,57
613,L63,L2,49,66,1,58
614,L63,L2,54,80,0,106
615,L63,L2,95,44,0,70
616,L63,L2,88,62,1,32
617,L63,L2,14,34,0,42
618,L63,L2,45,23,0,94
620,L63,L2,53,79,1,80
621,L63,L2,88,42,0,19
626,L63,L2,53,76,1,95
627,L63,L2,73,68,1,30
629,L63,L2,64,88,1,56
630,L63,L2,65,62,0,33
703,L63,L2,75,44,1,38
704,L63,L2,82,74,1,46
706,L63,L2,48,31,0,87
707,L63,L2,34,43,0,66
708,L63,L2,84,73,0,26
709,L63,L2,86,67,0,59
710,L63,L2,33,76,1,38
711,L63,L2,25,61,0,83
713,L63,L2,100,92,0,92
716,L63,L2,26,71,0,38
717,L63,L2,73,39,1,46
718,L63,L2,29,51,0,19
719,L63,L2,52,82,1,87
720,L63,L2,100,94,0,103
723,L63,L2,34,64,1,97
724,L63,L2,81,32,0,30
725,L63,L2,44,79,1,73
728,L63,L2,51,73,1,46
730,L63,L2,81,71,0,50
735,L63,L2,95,41,0,34
740,L63,L2,83,80,0,61
600,L64,L2,15,35,1,34
603,L64,L2,13,32,1,30
605,L64,L2,5,25,0,22
606,L64,L2,3,50,1,25
607,L64,L2,5,14,1,17
608,L64,L2,25,50,1,68
610,L64,L2,50,70,1,86
611,L64,L2,13,40,0,74
612,L64,L2,20,33,0,57
613,L64,L2,10,30,1,58
614,L64,L2,50,66,1,106
615,L64,L2,10,25,0,70
616,L64,L2,10,24,1,32
617,L64,L2,4,4,0,42
618,L64,L2,10,35,1,94
620,L64,L2,17,43,1,80
621,L64,L2,25,30,1,19
626,L64,L2,30,35,1,95
627,L64,L2,5,10,1,30
629,L64,L2,11,30,1,56
630,L64,L2,6,23,1,33
703,L64,L2,5,30,1,38
704,L64,L2,11,30,1,46
706,L64,L2,16,40,0,87
707,L64,L2,33,40,0,66
708,L64,L2,19,41,1,26
709,L64,L2,19,27,1,59
710,L64,L2,15,30,1,38
711,L64,L2,11,25,0,83
713,L64,L2,10,20,0,92
716,L64,L2,30,50,0,38
717,L64,L2,15,30,0,46
718,L64,L2,15,14,0,19
719,L64,L2,15,49,1,87
720,L64,L2,40,50,1,103
723,L64,L2,10,40,0,97
724,L64,L2,10,30,0,30
725,L64,L2,45,45,1,73
728,L64,L2,36,90,1,46
730,L64,L2,13,24,0,50
735,L64,L2,3,12,0,34
740,L64,L2,50,100,1,61
600,L65,L2,2,42,1,34
603,L65,L2,3,33,0,30
605,L65,L2,4,60,0,22
606,L65,L2,3,11,1,25
607,L65,L2,3,22,1,17
608,L65,L2,2,71,0,68
610,L65,L2,25,48,1,86
611,L65,L2,5,29,0,74
612,L65,L2,7,66,1,57
613,L65,L2,10,57,1,58
614,L65,L2,34,61,1,106
615,L65,L2,3,39,1,70
616,L65,L2,3,73,1,32
617,L65,L2,4,64,0,42
618,L65,L2,5,73,0,94
620,L65,L2,39,15,1,80
621,L65,L2,4,4,0,19
626,L65,L2,7,47,1,95
627,L65,L2,4,38,1,30
629,L65,L2,4,28,1,56
630,L65,L2,2,53,1,33
703,L65,L2,5,32,1,38
704,L65,L2,10,30,0,46
706,L65,L2,3,33,1,87
707,L65,L2,5,24,1,66
708,L65,L2,4,59,0,26
709,L65,L2,3,26,0,59
710,L65,L2,4,12,1,38
711,L65,L2,18,48,0,83
713,L65,L2,25,62,0,92
716,L65,L2,4,14,0,38
717,L65,L2,4,17,1,46
718,L65,L2,3,18,0,19
719,L65,L2,6,54,1,87
720,L65,L2,3,52,0,103
723,L65,L2,6,61,1,97
724,L65,L2,6,61,0,30
725,L65,L2,3,33,0,73
728,L65,L2,5,51,1,46
730,L65,L2,6,32,0,50
735,L65,L2,6,16,0,34
740,L65,L2,5,57,1,61
600,L66,L2,0,22,1,34
603,L66,L2,6,23,1,30
605,L66,L2,0,10,0,22
606,L66,L2,0,0,0,25
607,L66,L2,0,15,1,17
608,L66,L2,0,35,0,68
610,L66,L2,0,31,1,86
611,L66,L2,0,17,0,74
612,L66,L2,7,47,1,57
613,L66,L2,0,9,1,58
614,L66,L2,21,35,0,106
615,L66,L2,0,11,0,70
616,L66,L2,0,16,1,32
617,L66,L2,0,11,0,42
618,L66,L2,0,28,0,94
620,L66,L2,0,61,1,80
621,L66,L2,0,29,0,19
626,L66,L2,0,28,1,95
627,L66,L2,0,10,0,30
629,L66,L2,0,22,1,56
630,L66,L2,0,28,0,33
703,L66,L2,0,53,0,38
704,L66,L2,0,60,0,46
706,L66,L2,0,21,0,87
707,L66,L2,0,37,1,66
708,L66,L2,0,24,0,26
709,L66,L2,0,29,0,59
710,L66,L2,0,31,1,38
711,L66,L2,0,16,0,83
713,L66,L2,18,15,0,92
716,L66,L2,0,33,1,38
717,L66,L2,0,8,0,46
718,L66,L2,0,17,0,19
719,L66,L2,15,20,0,87
720,L66,L2,83,69,0,103
723,L66,L2,0,62,1,97
724,L66,L2,0,23,0,30
725,L66,L2,0,24,0,73
728,L66,L2,0,22,1,46
730,L66,L2,0,11,0,50
735,L66,L2,14,13,0,34
740,L66,L2,14,22,0,61
600,L67,L2,2,15,1,34
603,L67,L2,0,17,1,30
605,L67,L2,0,12,0,22
606,L67,L2,0,18,0,25
607,L67,L2,18,14,0,17
608,L67,L2,14,33,1,68
610,L67,L2,32,13,1,86
611,L67,L2,0,27,0,74
612,L67,L2,0,11,0,57
613,L67,L2,28,20,1,58
614,L67,L2,0,13,0,106
615,L67,L2,18,9,0,70
616,L67,L2,0,21,0,32
617,L67,L2,2,11,0,42
618,L67,L2,0,10,0,94
620,L67,L2,31,89,1,80
621,L67,L2,0,11,0,19
626,L67,L2,0,11,0,95
627,L67,L2,0,7,0,30
629,L67,L2,0,26,1,56
630,L67,L2,12,18,0,33
703,L67,L2,0,23,1,38
704,L67,L2,0,20,0,46
706,L67,L2,0,25,0,87
707,L67,L2,11,15,1,66
708,L67,L2,0,7,0,26
709,L67,L2,0,35,0,59
710,L67,L2,0,28,1,38
711,L67,L2,16,22,0,83
713,L67,L2,0,11,1,92
716,L67,L2,23,34,0,38
717,L67,L2,0,12,0,46
718,L67,L2,0,12,0,19
719,L67,L2,0,14,1,87
720,L67,L2,11,21,0,103
723,L67,L2,0,16,0,97
724,L67,L2,21,25,0,30
725,L67,L2,23,33,0,73
728,L67,L2,0,13,0,46
730,L67,L2,0,7,0,50
735,L67,L2,0,9,0,34
740,L67,L2,22,20,1,61
600,L69,L2,10,38,1,34
603,L69,L2,27,28,0,30
605,L69,L2,5,9,0,22
606,L69,L2,5,6,1,25
607,L69,L2,15,30,1,17
608,L69,L2,10,27,1,68
610,L69,L2,86,86,0,86
611,L69,L2,56,78,1,74
612,L69,L2,28,30,1,57
613,L69,L2,8,31,1,58
614,L69,L2,90,75,0,106
615,L69,L2,55,92,1,70
616,L69,L2,23,35,1,32
617,L69,L2,40,39,0,42
618,L69,L2,8,27,1,94
620,L69,L2,76,92,1,80
621,L69,L2,3,13,1,19
626,L69,L2,16,19,1,95
627,L69,L2,3,5,1,30
629,L69,L2,43,60,1,56
630,L69,L2,3,4,1,33
703,L69,L2,28,44,1,38
704,L69,L2,41,80,1,46
706,L69,L2,21,40,1,87
707,L69,L2,42,61,1,66
708,L69,L2,7,8,0,26
709,L69,L2,59,74,0,59
710,L69,L2,5,18,1,38
711,L69,L2,52,64,0,83
713,L69,L2,43,71,1,92
716,L69,L2,52,60,1,38
717,L69,L2,4,4,1,46
718,L69,L2,14,18,0,19
719,L69,L2,13,30,0,87
720,L69,L2,99,98,1,103
723,L69,L2,63,70,1,97
724,L69,L2,20,34,1,30
725,L69,L2,35,56,1,73
728,L69,L2,36,60,1,46
730,L69,L2,52,49,1,50
735,L69,L2,9,12,1,34
740,L69,L2,63,89,1,61
600,L70,L2,17,79,1,34
603,L70,L2,17,62,0,30
605,L70,L2,7,54,1,22
606,L70,L2,19,51,1,25
607,L70,L2,15,65,1,17
608,L70,L2,22,61,0,68
610,L70,L2,31,73,1,86
611,L70,L2,33,82,1,74
612,L70,L2,15,79,1,57
613,L70,L2,24,72,1,58
614,L70,L2,27,72,1,106
615,L70,L2,19,73,1,70
616,L70,L2,30,70,1,32
617,L70,L2,23,76,0,42
618,L70,L2,14,70,0,94
620,L70,L2,26,92,1,80
621,L70,L2,16,70,1,19
626,L70,L2,23,71,1,95
627,L70,L2,13,63,1,30
629,L70,L2,46,92,1,56
630,L70,L2,17,52,1,33
703,L70,L2,9,38,1,38
704,L70,L2,21,75,1,46
706,L70,L2,28,75,1,87
707,L70,L2,22,76,1,66
708,L70,L2,15,66,1,26
709,L70,L2,32,68,0,59
710,L70,L2,10,56,1,38
711,L70,L2,25,75,1,83
713,L70,L2,18,73,1,92
716,L70,L2,16,65,1,38
717,L70,L2,25,46,1,46
718,L70,L2,20,54,0,19
719,L70,L2,12,34,0,87
720,L70,L2,65,80,1,103
723,L70,L2,34,87,1,97
724,L70,L2,7,69,1,30
725,L70,L2,19,75,1,73
728,L70,L2,23,78,1,46
730,L70,L2,24,67,1,50
735,L70,L2,17,51,0,34
740,L70,L2,32,81,1,61
600,L71,L2,0,18,1,34
603,L71,L2,0,56,1,30
605,L71,L2,15,17,0,22
606,L71,L2,0,0,1,25
607,L71,L2,0,0,1,17
608,L71,L2,16,71,1,68
610,L71,L2,57,73,1,86
611,L71,L2,48,53,1,74
612,L71,L2,33,77,1,57
613,L71,L2,41,80,1,58
614,L71,L2,76,100,1,106
615,L71,L2,21,65,1,70
616,L71,L2,2,50,1,32
617,L71,L2,0,10,0,42
618,L71,L2,21,69,0,94
620,L71,L2,55,100,1,80
621,L71,L2,0,50,0,19
626,L71,L2,68,66,0,95
627,L71,L2,0,0,0,30
629,L71,L2,55,100,1,56
630,L71,L2,17,29,0,33
703,L71,L2,0,0,1,38
704,L71,L2,15,44,1,46
706,L71,L2,0,27,0,87
707,L71,L2,36,79,1,66
708,L71,L2,0,16,0,26
709,L71,L2,9,5,0,59
710,L71,L2,0,25,1,38
711,L71,L2,55,100,1,83
713,L71,L2,41,78,1,92
716,L71,L2,82,100,0,38
717,L71,L2,0,62,0,46
718,L71,L2,0,0,0,19
719,L71,L2,8,14,0,87
720,L71,L2,64,91,1,103
723,L71,L2,72,100,0,97
724,L71,L2,0,0,0,30
725,L71,L2,0,81,1,73
728,L71,L2,47,68,1,46
730,L71,L2,22,84,1,50
735,L71,L2,0,15,0,34
740,L71,L2,25,100,1,61
600,L72,L2,17,73,1,34
603,L72,L2,24,46,1,30
605,L72,L2,14,23,1,22
606,L72,L2,5,34,1,25
607,L72,L2,12,34,1,17
608,L72,L2,19,49,0,68
610,L72,L2,93,100,1,86
611,L72,L2,44,90,1,74
612,L72,L2,25,94,1,57
613,L72,L2,47,77,1,58
614,L72,L2,94,97,0,106
615,L72,L2,87,86,1,70
616,L72,L2,31,92,1,32
617,L72,L2,75,44,0,42
618,L72,L2,62,74,0,94
620,L72,L2,50,100,1,80
621,L72,L2,21,46,0,19
626,L72,L2,89,100,0,95
627,L72,L2,44,78,0,30
629,L72,L2,91,95,1,56
630,L72,L2,26,39,1,33
703,L72,L2,20,74,1,38
704,L72,L2,46,79,1,46
706,L72,L2,13,25,0,87
707,L72,L2,19,84,1,66
708,L72,L2,12,33,1,26
709,L72,L2,18,41,0,59
710,L72,L2,13,85,1,38
711,L72,L2,16,68,1,83
713,L72,L2,25,100,1,92
716,L72,L2,44,100,0,38
717,L72,L2,5,71,0,46
718,L72,L2,19,18,0,19
719,L72,L2,25,95,1,87
720,L72,L2,80,66,0,103
723,L72,L2,75,100,1,97
724,L72,L2,13,68,1,30
725,L72,L2,60,93,1,73
728,L72,L2,39,23,0,46
730,L72,L2,15,76,1,50
735,L72,L2,23,40,0,34
740,L72,L2,81,100,1,61
600,L73,L2,47,39,1,34
603,L73,L2,80,75,1,30
605,L73,L2,30,21,0,22
606,L73,L2,44,31,1,25
607,L73,L2,34,37,0,17
608,L73,L2,47,67,1,68
610,L73,L2,78,92,0,86
611,L73,L2,63,63,1,74
612,L73,L2,48,63,0,57
613,L73,L2,82,90,1,58
614,L73,L2,80,79,0,106
615,L73,L2,23,34,0,70
616,L73,L2,69,67,1,32
617,L73,L2,48,37,1,42
618,L73,L2,80,68,0,94
620,L73,L2,92,91,1,80
621,L73,L2,55,28,1,19
626,L73,L2,54,43,1,95
627,L73,L2,52,35,1,30
629,L73,L2,59,67,1,56
630,L73,L2,32,41,0,33
703,L73,L2,15,22,0,38
704,L73,L2,54,72,1,46
706,L73,L2,57,55,1,87
707,L73,L2,64,82,0,66
708,L73,L2,50,33,1,26
709,L73,L2,65,36,0,59
710,L73,L2,43,70,1,38
711,L73,L2,70,77,0,83
713,L73,L2,74,83,1,92
716,L73,L2,63,71,1,38
717,L73,L2,65,70,0,46
718,L73,L2,95,92,0,19
719,L73,L2,59,71,1,87
720,L73,L2,94,96,1,103
723,L73,L2,69,81,1,97
724,L73,L2,35,35,1,30
725,L73,L2,86,82,0,73
728,L73,L2,61,86,1,46
730,L73,L2,49,42,0,50
735,L73,L2,26,16,0,34
740,L73,L2,89,92,1,61
600,L74,L2,45,80,1,34
603,L74,L2,45,79,1,30
605,L74,L2,59,56,0,22
606,L74,L2,46,56,1,25
607,L74,L2,51,79,1,17
608,L74,L2,51,86,1,68
610,L74,L2,53,80,1,86
611,L74,L2,52,86,1,74
612,L74,L2,45,79,1,57
613,L74,L2,52,82,1,58
614,L74,L2,56,77,0,106
615,L74,L2,52,81,1,70
616,L74,L2,51,66,1,32
617,L74,L2,48,62,1,42
618,L74,L2,46,80,0,94
620,L74,L2,40,76,1,80
621,L74,L2,48,75,0,19
626,L74,L2,50,82,1,95
627,L74,L2,45,81,1,30
629,L74,L2,52,85,1,56
630,L74,L2,50,75,1,33
703,L74,L2,37,75,1,38
704,L74,L2,45,72,0,46
706,L74,L2,55,89,1,87
707,L74,L2,41,82,1,66
708,L74,L2,43,79,1,26
709,L74,L2,42,76,1,59
710,L74,L2,46,77,1,38
711,L74,L2,50,81,1,83
713,L74,L2,65,90,1,92
716,L74,L2,58,80,0,38
717,L74,L2,39,77,1,46
718,L74,L2,48,58,0,19
719,L74,L2,53,83,0,87
720,L74,L2,53,88,1,103
723,L74,L2,45,81,1,97
724,L74,L2,50,51,0,30
725,L74,L2,47,78,1,73
728,L74,L2,41,75,1,46
730,L74,L2,45,80,0,50
735,L74,L2,39,75,0,34
740,L74,L2,57,95,1,61
600,L75,L2,3,3,1,34
603,L75,L2,29,56,0,30
605,L75,L2,3,3,0,22
606,L75,L2,3,5,0,25
607,L75,L2,5,10,0,17
608,L75,L2,9,19,0,68
610,L75,L2,31,83,1,86
611,L75,L2,76,79,0,74
612,L75,L2,13,37,1,57
613,L75,L2,6,33,1,58
614,L75,L2,80,90,0,106
615,L75,L2,75,90,0,70
616,L75,L2,18,11,0,32
617,L75,L2,33,5,0,42
618,L75,L2,17,53,0,94
620,L75,L2,91,90,1,80
621,L75,L2,3,3,0,19
626,L75,L2,4,37,1,95
627,L75,L2,6,5,0,30
629,L75,L2,61,75,1,56
630,L75,L2,22,1,0,33
703,L75,L2,25,30,1,38
704,L75,L2,56,79,0,46
706,L75,L2,24,5,0,87
707,L75,L2,54,70,0,66
708,L75,L2,2,4,1,26
709,L75,L2,4,59,0,59
710,L75,L2,7,23,1,38
711,L75,L2,3,5,0,83
713,L75,L2,61,80,1,92
716,L75,L2,25,56,0,38
717,L75,L2,3,3,0,46
718,L75,L2,1,2,0,19
719,L75,L2,43,27,1,87
720,L75,L2,88,77,0,103
723,L75,L2,65,80,1,97
724,L75,L2,27,81,0,30
725,L75,L2,70,90,1,73
728,L75,L2,74,65,1,46
730,L75,L2,2,41,0,50
735,L75,L2,7,8,0,34
740,L75,L2,80,91,1,61
600,L76,L2,0,90,1,34
603,L76,L2,0,31,0,30
605,L76,L2,1,1,0,22
606,L76,L2,2,10,0,25
607,L76,L2,0,51,1,17
608,L76,L2,10,85,1,68
610,L76,L2,85,90,1,86
611,L76,L2,44,70,1,74
612,L76,L2,8,100,1,57
613,L76,L2,3,51,1,58
614,L76,L2,40,85,1,106
615,L76,L2,19,96,1,70
616,L76,L2,3,72,1,32
617,L76,L2,0,44,0,42
618,L76,L2,0,69,0,94
620,L76,L2,40,100,1,80
621,L76,L2,3,75,1,19
626,L76,L2,0,71,1,95
627,L76,L2,2,14,0,30
629,L76,L2,63,100,1,56
630,L76,L2,1,20,1,33
703,L76,L2,1,50,1,38
704,L76,L2,2,61,1,46
706,L76,L2,0,34,0,87
707,L76,L2,6,59,1,66
708,L76,L2,2,45,1,26
709,L76,L2,0,33,0,59
710,L76,L2,0,52,1,38
711,L76,L2,2,45,0,83
713,L76,L2,59,100,1,92
716,L76,L2,37,100,1,38
717,L76,L2,3,61,0,46
718,L76,L2,8,41,0,19
719,L76,L2,30,50,0,87
720,L76,L2,99,100,1,103
723,L76,L2,100,100,1,97
724,L76,L2,0,50,1,30
725,L76,L2,51,100,1,73
728,L76,L2,1,95,1,46
730,L76,L2,3,33,1,50
735,L76,L2,0,48,0,34
740,L76,L2,35,100,1,61
600,L77,L2,9,18,1,34
603,L77,L2,8,21,1,30
605,L77,L2,8,15,0,22
606,L77,L2,12,10,0,25
607,L77,L2,19,15,1,17
608,L77,L2,18,17,0,68
610,L77,L2,47,62,1,86
611,L77,L2,39,34,1,74
612,L77,L2,17,23,1,57
613,L77,L2,29,73,1,58
614,L77,L2,78,73,1,106
615,L77,L2,8,9,0,70
616,L77,L2,14,14,1,32
617,L77,L2,24,30,0,42
618,L77,L2,29,33,0,94
620,L77,L2,23,43,1,80
621,L77,L2,8,8,0,19
626,L77,L2,27,28,1,95
627,L77,L2,21,28,1,30
629,L77,L2,50,48,1,56
630,L77,L2,18,26,0,33
703,L77,L2,13,19,0,38
704,L77,L2,16,46,1,46
706,L77,L2,20,27,1,87
707,L77,L2,71,72,1,66
708,L77,L2,10,21,1,26
709,L77,L2,27,29,0,59
710,L77,L2,23,28,1,38
711,L77,L2,18,34,0,83
713,L77,L2,70,78,1,92
716,L77,L2,18,20,0,38
717,L77,L2,8,8,0,46
718,L77,L2,17,10,0,19
719,L77,L2,15,16,0,87
720,L77,L2,40,34,0,103
723,L77,L2,75,70,0,97
724,L77,L2,24,20,0,30
725,L77,L2,79,62,1,73
728,L77,L2,70,64,1,46
730,L77,L2,9,15,0,50
735,L77,L2,14,18,0,34
740,L77,L2,89,79,1,61
600,L78,L2,30,32,1,34
603,L78,L2,17,64,1,30
605,L78,L2,10,31,0,22
606,L78,L2,10,10,1,25
607,L78,L2,7,11,1,17
608,L78,L2,12,59,1,68
610,L78,L2,28,48,0,86
611,L78,L2,35,60,1,74
612,L78,L2,12,44,1,57
613,L78,L2,20,65,1,58
614,L78,L2,80,73,1,106
615,L78,L2,17,53,1,70
616,L78,L2,13,24,1,32
617,L78,L2,25,31,1,42
618,L78,L2,15,32,0,94
620,L78,L2,0,0,1,80
621,L78,L2,3,5,0,19
626,L78,L2,13,29,1,95
627,L78,L2,19,19,1,30
629,L78,L2,62,60,1,56
630,L78,L2,24,20,1,33
703,L78,L2,10,42,0,38
704,L78,L2,33,50,1,46
706,L78,L2,16,34,1,87
707,L78,L2,19,61,1,66
708,L78,L2,8,8,0,26
709,L78,L2,25,42,0,59
710,L78,L2,24,40,1,38
711,L78,L2,24,24,0,83
713,L78,L2,35,75,1,92
716,L78,L2,29,40,0,38
717,L78,L2,3,17,1,46
718,L78,L2,11,9,0,19
719,L78,L2,15,17,1,87
720,L78,L2,,,0,103
723,L78,L2,75,70,1,97
724,L78,L2,1,16,0,30
725,L78,L2,17,58,1,73
728,L78,L2,17,75,1,46
730,L78,L2,15,14,1,50
735,L78,L2,11,78,0,34
740,L78,L2,40,70,1,61
600,L80,L2,12,15,0,34
603,L80,L2,27,64,1,30
605,L80,L2,8,11,0,22
606,L80,L2,14,12,0,25
607,L80,L2,15,20,1,17
608,L80,L2,21,41,0,68
610,L80,L2,11,50,0,86
611,L80,L2,10,59,1,74
612,L80,L2,15,32,0,57
613,L80,L2,19,46,1,58
614,L80,L2,0,0,0,106
615,L80,L2,56,51,0,70
616,L80,L2,25,11,0,32
617,L80,L2,11,10,0,42
618,L80,L2,20,23,0,94
620,L80,L2,11,26,1,80
621,L80,L2,13,10,0,19
626,L80,L2,29,44,0,95
627,L80,L2,21,26,1,30
629,L80,L2,,,0,56
630,L80,L2,15,15,0,33
703,L80,L2,25,4,0,38
704,L80,L2,11,45,0,46
706,L80,L2,50,45,0,87
707,L80,L2,15,21,0,66
708,L80,L2,32,26,1,26
709,L80,L2,16,17,0,59
710,L80,L2,28,23,1,38
711,L80,L2,,,0,83
713,L80,L2,18,22,0,92
716,L80,L2,11,25,0,38
717,L80,L2,6,16,0,46
718,L80,L2,8,0,0,19
719,L80,L2,42,48,0,87
720,L80,L2,13,13,0,103
723,L80,L2,21,40,0,97
724,L80,L2,15,18,0,30
725,L80,L2,34,60,0,73
728,L80,L2,26,44,0,46
730,L80,L2,7,5,0,50
735,L80,L2,15,20,0,34
740,L80,L2,39,48,1,61
600,L81,L2,13,64,0,34
603,L81,L2,26,69,1,30
605,L81,L2,10,71,0,22
606,L81,L2,8,77,1,25
607,L81,L2,7,47,1,17
608,L81,L2,15,82,1,68
610,L81,L2,25,94,1,86
611,L81,L2,12,66,1,74
612,L81,L2,5,71,1,57
613,L81,L2,6,70,1,58
614,L81,L2,12,78,1,106
615,L81,L2,22,92,1,70
616,L81,L2,16,64,0,32
617,L81,L2,19,56,0,42
618,L81,L2,5,55,1,94
620,L81,L2,14,93,1,80
621,L81,L2,19,89,1,19
626,L81,L2,36,88,1,95
627,L81,L2,4,38,0,30
629,L81,L2,21,90,1,56
630,L81,L2,8,61,0,33
703,L81,L2,4,71,1,38
704,L81,L2,37,87,1,46
706,L81,L2,12,86,1,87
707,L81,L2,27,90,0,66
708,L81,L2,6,72,1,26
709,L81,L2,4,78,1,59
710,L81,L2,9,82,1,38
711,L81,L2,17,80,0,83
713,L81,L2,14,95,1,92
716,L81,L2,5,80,1,38
717,L81,L2,8,76,0,46
718,L81,L2,13,59,0,19
719,L81,L2,24,96,1,87
720,L81,L2,77,92,0,103
723,L81,L2,13,83,1,97
724,L81,L2,19,76,0,30
725,L81,L2,13,43,1,73
728,L81,L2,15,86,1,46
730,L81,L2,29,67,0,50
735,L81,L2,8,50,0,34
740,L81,L2,29,74,1,61
600,L82,L2,10,5,0,34
603,L82,L2,11,30,1,30
605,L82,L2,7,6,0,22
606,L82,L2,7,5,0,25
607,L82,L2,4,3,0,17
608,L82,L2,18,48,0,68
610,L82,L2,26,16,1,86
611,L82,L2,22,9,0,74
612,L82,L2,35,29,1,57
613,L82,L2,31,75,1,58
614,L82,L2,14,84,1,106
615,L82,L2,13,36,0,70
616,L82,L2,36,24,1,32
617,L82,L2,27,45,0,42
618,L82,L2,13,12,1,94
620,L82,L2,40,81,1,80
621,L82,L2,3,5,0,19
626,L82,L2,36,54,1,95
627,L82,L2,5,5,0,30
629,L82,L2,16,30,1,56
630,L82,L2,31,12,1,33
703,L82,L2,43,34,1,38
704,L82,L2,14,32,0,46
706,L82,L2,14,74,1,87
707,L82,L2,32,88,1,66
708,L82,L2,17,10,0,26
709,L82,L2,13,25,1,59
710,L82,L2,23,55,1,38
711,L82,L2,14,6,0,83
713,L82,L2,33,49,1,92
716,L82,L2,10,11,0,38
717,L82,L2,16,30,0,46
718,L82,L2,25,7,0,19
719,L82,L2,25,88,1,87
720,L82,L2,38,44,1,103
723,L82,L2,35,37,1,97
724,L82,L2,19,15,0,30
725,L82,L2,43,34,1,73
728,L82,L2,48,17,1,46
730,L82,L2,14,65,1,50
735,L82,L2,5,5,0,34
740,L82,L2,37,75,1,61
600,L83,L2,38,30,1,34
603,L83,L2,24,33,1,30
605,L83,L2,7,2,0,22
606,L83,L2,10,5,0,25
607,L83,L2,16,13,1,17
608,L83,L2,13,29,0,68
610,L83,L2,29,75,1,86
611,L83,L2,16,24,0,74
612,L83,L2,43,46,1,57
613,L83,L2,23,15,1,58
614,L83,L2,53,51,0,106
615,L83,L2,24,52,0,70
616,L83,L2,22,40,0,32
617,L83,L2,42,35,1,42
618,L83,L2,15,16,1,94
620,L83,L2,44,43,1,80
621,L83,L2,2,3,1,19
626,L83,L2,52,42,1,95
627,L83,L2,9,4,1,30
629,L83,L2,24,31,1,56
630,L83,L2,34,32,1,33
703,L83,L2,21,30,1,38
704,L83,L2,29,33,1,46
706,L83,L2,46,35,1,87
707,L83,L2,41,52,0,66
708,L83,L2,12,11,0,26
709,L83,L2,48,42,1,59
710,L83,L2,20,31,1,38
711,L83,L2,22,8,0,83
713,L83,L2,32,51,1,92
716,L83,L2,33,35,1,38
717,L83,L2,29,34,0,46
718,L83,L2,10,9,1,19
719,L83,L2,18,6,1,87
720,L83,L2,89,96,1,103
723,L83,L2,27,19,1,97
724,L83,L2,22,25,1,30
725,L83,L2,23,37,1,73
728,L83,L2,26,22,1,46
730,L83,L2,25,43,1,50
735,L83,L2,9,14,1,34
740,L83,L2,53,63,1,61
600,L84,L2,23,52,1,34
603,L84,L2,22,39,1,30
605,L84,L2,14,23,0,22
606,L84,L2,32,29,0,25
607,L84,L2,25,45,1,17
608,L84,L2,46,62,1,68
610,L84,L2,69,85,1,86
611,L84,L2,43,67,1,74
612,L84,L2,46,87,1,57
613,L84,L2,31,67,1,58
614,L84,L2,26,64,0,106
615,L84,L2,16,23,0,70
616,L84,L2,21,63,1,32
617,L84,L2,18,34,1,42
618,L84,L2,41,61,1,94
620,L84,L2,61,82,1,80
621,L84,L2,60,85,0,19
626,L84,L2,53,88,1,95
627,L84,L2,13,23,0,30
629,L84,L2,72,86,1,56
630,L84,L2,36,40,0,33
703,L84,L2,12,29,0,38
704,L84,L2,31,50,1,46
706,L84,L2,40,73,0,87
707,L84,L2,29,39,1,66
708,L84,L2,10,19,0,26
709,L84,L2,33,54,0,59
710,L84,L2,33,45,1,38
711,L84,L2,33,54,0,83
713,L84,L2,58,91,1,92
716,L84,L2,51,78,0,38
717,L84,L2,23,50,1,46
718,L84,L2,12,25,0,19
719,L84,L2,69,85,1,87
720,L84,L2,74,48,0,103
723,L84,L2,58,82,1,97
724,L84,L2,22,56,1,30
725,L84,L2,51,62,1,73
728,L84,L2,48,76,1,46
730,L84,L2,25,37,0,50
735,L84,L2,15,33,0,34
740,L84,L2,76,86,1,61
600,L85,L2,6,73,0,34
603,L85,L2,37,91,1,30
605,L85,L2,3,26,0,22
606,L85,L2,2,29,1,25
607,L85,L2,4,90,1,17
608,L85,L2,37,100,1,68
610,L85,L2,11,100,1,86
611,L85,L2,44,100,1,74
612,L85,L2,19,60,1,57
613,L85,L2,3,54,1,58
614,L85,L2,30,100,1,106
615,L85,L2,40,100,1,70
616,L85,L2,50,50,1,32
617,L85,L2,17,17,0,42
618,L85,L2,2,76,1,94
620,L85,L2,31,100,1,80
621,L85,L2,3,60,1,19
626,L85,L2,3,50,1,95
627,L85,L2,10,16,1,30
629,L85,L2,38,100,1,56
630,L85,L2,3,40,1,33
703,L85,L2,5,35,0,38
704,L85,L2,27,91,1,46
706,L85,L2,9,100,1,87
707,L85,L2,38,100,0,66
708,L85,L2,2,26,0,26
709,L85,L2,10,23,1,59
710,L85,L2,6,40,1,38
711,L85,L2,42,79,1,83
713,L85,L2,20,53,0,92
716,L85,L2,4,63,0,38
717,L85,L2,5,18,1,46
718,L85,L2,10,24,0,19
719,L85,L2,5,22,0,87
720,L85,L2,50,81,1,103
723,L85,L2,21,100,1,97
724,L85,L2,6,100,1,30
725,L85,L2,10,35,0,73
728,L85,L2,40,100,1,46
730,L85,L2,37,65,0,50
735,L85,L2,3,100,0,34
740,L85,L2,29,100,1,61
600,L86,L2,35,75,1,34
603,L86,L2,34,72,0,30
605,L86,L2,20,43,0,22
606,L86,L2,30,40,1,25
607,L86,L2,27,64,1,17
608,L86,L2,37,81,1,68
610,L86,L2,64,88,1,86
611,L86,L2,72,79,0,74
612,L86,L2,47,92,1,57
613,L86,L2,64,79,1,58
614,L86,L2,67,91,0,106
615,L86,L2,39,56,0,70
616,L86,L2,34,63,1,32
617,L86,L2,43,56,0,42
618,L86,L2,60,83,1,94
620,L86,L2,72,65,1,80
621,L86,L2,31,56,0,19
626,L86,L2,62,40,1,95
627,L86,L2,34,66,0,30
629,L86,L2,90,89,1,56
630,L86,L2,25,49,1,33
703,L86,L2,37,63,1,38
704,L86,L2,44,65,1,46
706,L86,L2,46,70,1,87
707,L86,L2,58,40,0,66
708,L86,L2,31,45,1,26
709,L86,L2,43,62,0,59
710,L86,L2,32,88,1,38
711,L86,L2,38,63,0,83
713,L86,L2,56,88,0,92
716,L86,L2,66,73,1,38
717,L86,L2,40,49,0,46
718,L86,L2,29,52,0,19
719,L86,L2,44,61,0,87
720,L86,L2,76,88,1,103
723,L86,L2,67,76,1,97
724,L86,L2,42,59,1,30
725,L86,L2,50,81,1,73
728,L86,L2,53,67,1,46
730,L86,L2,44,68,1,50
735,L86,L2,25,45,0,34
740,L86,L2,69,82,1,61
600,L87,L2,30,72,1,34
603,L87,L2,20,40,1,30
605,L87,L2,16,32,0,22
606,L87,L2,17,17,0,25
607,L87,L2,13,11,0,17
608,L87,L2,20,45,1,68
610,L87,L2,72,80,1,86
611,L87,L2,39,72,1,74
612,L87,L2,10,70,1,57
613,L87,L2,57,70,1,58
614,L87,L2,45,80,1,106
615,L87,L2,23,61,1,70
616,L87,L2,21,70,1,32
617,L87,L2,41,23,0,42
618,L87,L2,27,47,0,94
620,L87,L2,38,61,1,80
621,L87,L2,6,17,0,19
626,L87,L2,32,36,1,95
627,L87,L2,16,28,1,30
629,L87,L2,72,83,1,56
630,L87,L2,51,45,1,33
703,L87,L2,26,40,0,38
704,L87,L2,17,38,1,46
706,L87,L2,28,42,1,87
707,L87,L2,68,74,0,66
708,L87,L2,29,34,0,26
709,L87,L2,34,38,0,59
710,L87,L2,34,79,1,38
711,L87,L2,66,44,1,83
713,L87,L2,48,85,1,92
716,L87,L2,21,59,0,38
717,L87,L2,29,43,1,46
718,L87,L2,24,27,0,19
719,L87,L2,21,36,1,87
720,L87,L2,91,100,1,103
723,L87,L2,44,66,0,97
724,L87,L2,26,42,1,30
725,L87,L2,60,70,1,73
728,L87,L2,38,40,1,46
730,L87,L2,30,62,0,50
735,L87,L2,22,63,0,34
740,L87,L2,59,87,1,61
600,L88,L2,17,23,1,34
603,L88,L2,16,88,1,30
605,L88,L2,39,65,0,22
606,L88,L2,5,7,0,25
607,L88,L2,8,74,1,17
608,L88,L2,35,44,0,68
610,L88,L2,25,58,1,86
611,L88,L2,9,19,0,74
612,L88,L2,43,34,0,57
613,L88,L2,13,61,1,58
614,L88,L2,29,41,0,106
615,L88,L2,0,0,0,70
616,L88,L2,12,51,1,32
617,L88,L2,94,59,0,42
618,L88,L2,21,67,0,94
620,L88,L2,29,22,0,80
621,L88,L2,,,0,19
626,L88,L2,59,18,0,95
627,L88,L2,40,66,1,30
629,L88,L2,52,21,1,56
630,L88,L2,34,11,1,33
703,L88,L2,,,0,38
704,L88,L2,26,70,0,46
706,L88,L2,12,39,1,87
707,L88,L2,32,59,1,66
708,L88,L2,29,23,1,26
709,L88,L2,0,31,0,59
710,L88,L2,12,29,1,38
711,L88,L2,10,15,0,83
713,L88,L2,24,67,1,92
716,L88,L2,8,81,0,38
717,L88,L2,5,4,0,46
718,L88,L2,7,17,0,19
719,L88,L2,18,30,1,87
720,L88,L2,84,26,1,103
723,L88,L2,75,65,1,97
724,L88,L2,9,22,0,30
725,L88,L2,59,48,0,73
728,L88,L2,35,25,1,46
730,L88,L2,13,14,0,50
735,L88,L2,2,19,0,34
740,L88,L2,51,85,1,61
600,L89,L2,15,57,1,34
603,L89,L2,20,51,0,30
605,L89,L2,23,7,0,22
606,L89,L2,8,28,0,25
607,L89,L2,10,29,1,17
608,L89,L2,51,88,1,68
610,L89,L2,81,100,1,86
611,L89,L2,71,100,0,74
612,L89,L2,37,82,1,57
613,L89,L2,17,99,1,58
614,L89,L2,76,98,0,106
615,L89,L2,36,99,1,70
616,L89,L2,38,89,1,32
617,L89,L2,10,64,0,42
618,L89,L2,57,80,0,94
620,L89,L2,21,99,1,80
621,L89,L2,2,4,0,19
626,L89,L2,29,97,1,95
627,L89,L2,29,99,1,30
629,L89,L2,29,60,0,56
630,L89,L2,11,51,0,33
703,L89,L2,30,30,1,38
704,L89,L2,13,64,1,46
706,L89,L2,38,98,1,87
707,L89,L2,28,82,1,66
708,L89,L2,22,42,1,26
709,L89,L2,13,97,0,59
710,L89,L2,27,30,1,38
711,L89,L2,8,67,0,83
713,L89,L2,53,97,1,92
716,L89,L2,2,99,1,38
717,L89,L2,60,18,0,46
718,L89,L2,27,50,0,19
719,L89,L2,28,69,0,87
720,L89,L2,86,98,1,103
723,L89,L2,49,98,1,97
724,L89,L2,31,39,1,30
725,L89,L2,30,98,1,73
728,L89,L2,8,76,1,46
730,L89,L2,57,98,1,50
735,L89,L2,7,77,0,34
740,L89,L2,32,99,1,61
600,L90,L2,6,46,1,34
603,L90,L2,11,45,0,30
605,L90,L2,3,31,0,22
606,L90,L2,3,30,1,25
607,L90,L2,12,30,0,17
608,L90,L2,20,80,1,68
610,L90,L2,89,100,1,86
611,L90,L2,35,74,1,74
612,L90,L2,32,58,0,57
613,L90,L2,43,66,1,58
614,L90,L2,11,61,0,106
615,L90,L2,20,65,0,70
616,L90,L2,,,0,32
617,L90,L2,51,17,0,42
618,L90,L2,20,90,0,94
620,L90,L2,84,100,1,80
621,L90,L2,7,22,0,19
626,L90,L2,5,63,1,95
627,L90,L2,19,26,1,30
629,L90,L2,51,85,1,56
630,L90,L2,43,24,1,33
703,L90,L2,39,64,1,38
704,L90,L2,8,87,1,46
706,L90,L2,37,89,0,87
707,L90,L2,28,59,1,66
708,L90,L2,23,31,0,26
709,L90,L2,20,54,0,59
710,L90,L2,66,90,1,38
711,L90,L2,14,54,0,83
713,L90,L2,7,78,0,92
716,L90,L2,41,60,0,38
717,L90,L2,24,56,0,46
718,L90,L2,20,85,0,19
719,L90,L2,34,41,0,87
720,L90,L2,100,95,1,103
723,L90,L2,32,72,1,97
724,L90,L2,42,39,0,30
725,L90,L2,23,54,0,73
728,L90,L2,44,72,1,46
730,L90,L2,77,96,1,50
735,L90,L2,3,43,0,34
740,L90,L2,54,91,0,61
600,L91,L2,10,8,0,34
603,L91,L2,11,65,1,30
605,L91,L2,3,2,0,22
606,L91,L2,5,7,1,25
607,L91,L2,9,29,1,17
608,L91,L2,8,63,1,68
610,L91,L2,10,50,1,86
611,L91,L2,9,38,0,74
612,L91,L2,10,57,1,57
613,L91,L2,4,56,1,58
614,L91,L2,15,88,0,106
615,L91,L2,8,27,0,70
616,L91,L2,21,50,1,32
617,L91,L2,9,74,1,42
618,L91,L2,18,23,0,94
620,L91,L2,16,80,1,80
621,L91,L2,2,1,0,19
626,L91,L2,8,61,1,95
627,L91,L2,20,52,1,30
629,L91,L2,17,49,0,56
630,L91,L2,3,3,0,33
703,L91,L2,8,41,1,38
704,L91,L2,31,33,0,46
706,L91,L2,13,62,0,87
707,L91,L2,17,36,1,66
708,L91,L2,12,27,1,26
709,L91,L2,13,23,0,59
710,L91,L2,9,64,1,38
711,L91,L2,4,4,0,83
713,L91,L2,6,48,1,92
716,L91,L2,14,13,0,38
717,L91,L2,4,8,0,46
718,L91,L2,26,10,0,19
719,L91,L2,6,45,1,87
720,L91,L2,13,91,0,103
723,L91,L2,18,64,1,97
724,L91,L2,10,4,1,30
725,L91,L2,8,56,0,73
728,L91,L2,8,51,1,46
730,L91,L2,7,57,0,50
735,L91,L2,17,57,0,34
740,L91,L2,6,75,1,61
600,L92,L2,17,29,1,34
603,L92,L2,20,28,1,30
605,L92,L2,12,20,0,22
606,L92,L2,3,2,0,25
607,L92,L2,9,34,1,17
608,L92,L2,14,24,0,68
610,L92,L2,47,69,1,86
611,L92,L2,47,72,1,74
612,L92,L2,7,25,0,57
613,L92,L2,26,19,1,58
614,L92,L2,50,56,1,106
615,L92,L2,33,58,0,70
616,L92,L2,15,19,0,32
617,L92,L2,31,40,0,42
618,L92,L2,18,31,0,94
620,L92,L2,42,73,1,80
621,L92,L2,14,25,0,19
626,L92,L2,47,41,1,95
627,L92,L2,7,6,1,30
629,L92,L2,37,54,1,56
630,L92,L2,8,16,0,33
703,L92,L2,15,24,1,38
704,L92,L2,17,18,1,46
706,L92,L2,15,29,0,87
707,L92,L2,12,28,0,66
708,L92,L2,20,48,0,26
709,L92,L2,7,19,0,59
710,L92,L2,22,53,1,38
711,L92,L2,17,34,1,83
713,L92,L2,39,44,1,92
716,L92,L2,26,62,0,38
717,L92,L2,23,36,0,46
718,L92,L2,10,28,0,19
719,L92,L2,23,42,1,87
720,L92,L2,68,72,0,103
723,L92,L2,89,90,1,97
724,L92,L2,8,22,0,30
725,L92,L2,28,53,1,73
728,L92,L2,21,26,1,46
730,L92,L2,30,41,0,50
735,L92,L2,14,15,0,34
740,L92,L2,69,86,1,61